,Time,r,theta,vx,vy
0,0,90.45228155112906,0.5704602103188948,0.008121563927105375,0.1398737614485747
1,1,95.43597795202481,0.5660074419585436,0.7392850574440355,0.37095849241715384
2,2,87.671270379675,0.5933277337649109,0.5828620559833355,-0.017325571343156952
3,3,92.10960865937088,0.6046451184488913,0.24336998332047055,0.6481971076116442
4,4,92.49346073583246,0.6108069067208369,0.435431570522968,0.1099637265034597
5,5,89.37546519846431,0.6118166310150214,0.2111987600155243,0.02851193709404631
6,6,92.98652460427401,0.5870385144648218,-0.4355200795620496,0.5581636764478072
7,7,92.76095006229274,0.5725425847993184,0.7207156968283139,0.24672185053160806
8,8,93.60850917174311,0.5512419564477802,-0.521519198391444,0.13596198117435213
9,9,90.98534168679271,0.616085689192738,0.32862089604795586,0.12128493674710228
10,10,97.47489488169721,0.5663058341873572,0.26287031833451885,-0.1958845296636223
11,11,85.89192842478494,0.610619944504545,0.5074925764526206,0.29750479853310013
12,12,85.05104225043188,0.5963847318150567,-0.16924157028520057,0.14496542878763552
13,13,100.83295712739452,0.6179909928803043,-0.6014760239861253,-0.4851813387300199
14,14,88.81452774404845,0.60490984561828,0.06321677839851501,0.11098501502756908
15,15,95.79246378437946,0.572681064349825,0.011158475778578612,0.09243644522691906
16,16,93.86060143285029,0.5809647119015775,0.16079274775219862,0.6747044673113641
17,17,92.3319214727754,0.5861480083741551,0.9247177854933777,0.0026735813937646055
18,18,93.19540231125004,0.5743593485418185,-0.010663742282067117,0.28228943020266745
19,19,88.59894151517217,0.6249368988063931,-0.20246817807628417,0.6960915505636294
20,20,96.85964364900188,0.5805498552138941,-0.016369351550810922,-0.5592492187823878
21,21,86.39289063616286,0.56652478135676,0.014177063561643256,0.3220057279717943
22,22,89.7166382139717,0.6185417253496917,0.6819320715547315,-0.5964790212495586
23,23,87.6148642109266,0.6012144310811265,0.42472919517810653,-0.5518764265872608
24,24,90.49595168412853,0.5780736237649592,-0.29361909526989943,-0.3934105731374944
25,25,93.81760313639236,0.5648563914725845,0.09515223585796022,0.24667769451018906
26,26,89.3956029721341,0.5502991011808234,0.14404116881428017,-0.31479291720513575
27,27,92.25615916875145,0.5933119456145112,0.24041026650437697,-0.014276188448340284
28,28,86.64504782398791,0.5960888564181033,0.11808593797073297,-0.19779943307018744
29,29,85.89237567629456,0.5812249667662116,-0.776123487018142,0.21233313747082969
30,30,88.35837363368023,0.5910420211347592,-0.9290659910956529,0.45986214145455684
31,31,97.65558855078962,0.5881007685141243,-1.3148211264880403,0.4365533840161665
32,32,90.92857990877366,0.5993102309322644,-1.8468329133095922,-0.41102099008749876
33,33,84.95873272572646,0.5880005033267844,-2.0506056563174875,0.05002910086286673
34,34,83.75924755801708,0.5758215183227654,-1.770484949651323,0.23270102804558365
35,35,92.19298197168219,0.5907012680267162,-2.0740071710554377,-0.6405156179954421
36,36,89.31984546171776,0.5705836483737574,-2.885126578721321,-0.08555795941617472
37,37,85.68896815512947,0.5779163571193431,-3.8046683146030165,0.06046368174830191
38,38,88.06477602407072,0.5973960392689642,-3.287090532687749,0.5095971292164609
39,39,94.50620799861652,0.547608482813654,-2.7956083662636964,0.03087095059939543
40,40,91.07287086749649,0.5824081033239269,-3.854891884029257,0.4399617718430001
41,41,93.40091282637772,0.5462885024114095,-3.6680305510667046,-0.016622203433046268
42,42,92.89564210782153,0.5846277136093236,-3.796979556880592,0.3488210690521836
43,43,88.22311502583545,0.548031655021294,-4.67285889787333,0.7086072909813341
44,44,90.40112096798747,0.5356706744581046,-4.603517527833039,-0.0791534150152397
45,45,85.89828144574957,0.5334632244882987,-5.5494856559101935,0.030014836289069757
46,46,85.30892709919938,0.5284794093746383,-5.064556613447065,0.18935284704740066
47,47,89.62367443387039,0.49117258487448995,-6.041569279275101,0.8144453639200858
48,48,95.64571703996447,0.5416381932448765,-5.798316730665133,0.9197839903234688
49,49,85.16497259216823,0.5265273245893932,-6.04812675243908,0.7863690840655513
50,50,90.4313620944235,0.5072007011632294,-6.988127678871921,0.694252336744658
51,51,83.27922900514595,0.5213910128425175,-7.1499127403315486,0.709541184020346
52,52,82.29004866634338,0.4792684231975033,-7.577646005905708,1.151119637879142
53,53,91.55472752704753,0.4678139902068563,-7.917031831609294,-0.2239824280062508
54,54,83.40368254373234,0.46615852729792184,-8.039113443779438,1.149758897141533
55,55,87.18211194615789,0.47459143356783073,-8.24422664776198,1.176357687834276
56,56,83.76307355792056,0.4435216324989953,-9.0913408996187,0.26557148401078984
57,57,77.53650118833805,0.4464742254093761,-8.776799813732516,0.987460567903349
58,58,83.48395166115981,0.46963717689260637,-9.712803935455687,0.8648101905457953
59,59,76.04982887512459,0.41583353969858305,-9.620895487887461,0.664726273778521
60,60,78.01443467868451,0.40048205916508844,-9.801893862094431,1.136177409085734
61,61,76.13701394362283,0.40073694860508363,-10.733806297144811,0.44070958886829503
62,62,87.20831333990667,0.38930530188521506,-10.904267935409408,0.4382405140278788
63,63,80.11020580916362,0.38004604934459063,-10.51839035506264,0.4249453875434278
64,64,85.51168843590796,0.40631636546572536,-11.44156053075601,0.6733760064217926
65,65,72.23994792612416,0.3684025028960435,-11.426467894642936,0.6288421367490185
66,66,84.68934088877226,0.33519603958008365,-12.511509961065826,0.10323248077293869
67,67,82.22233668474941,0.2962965736312996,-12.973238348768044,0.4350250403147546
68,68,81.10697107541759,0.28982726855192975,-12.461010627549342,0.3135032219663718
69,69,83.87080297914275,0.29099220818286764,-12.284230171857843,0.7148449402181891
70,70,86.52089568439048,0.2839944390452578,-12.856699722052905,1.2834723970158244
71,71,78.09905259881408,0.2428696735016286,-12.741557138274192,0.6146252508538919
72,72,81.80880848151537,0.23752054911938364,-13.521673199130447,0.5616535824463718
73,73,80.23259715325,0.22279795839549824,-12.892525866328661,0.17152031228094988
74,74,78.14862510205792,0.21700361376467178,-14.149866745032423,-0.12436735649657404
75,75,72.9679405525055,0.19460721131732325,-13.81453675869513,0.23284011529582072
76,76,72.45946616185473,0.18437327520498992,-14.785717367476797,-0.10012505060738897
77,77,79.01174236143817,0.14887819819374512,-14.374065867102185,0.617595334176863
78,78,76.67373764721512,0.13167295892529027,-15.077905891361393,-0.08111997001882187
79,79,80.42359345406193,0.11504385475843325,-15.13976775049798,0.3617812387182723
80,80,74.8773003487479,0.08993535043855105,-14.557286529760361,0.8006513295633004
81,81,82.68402588056796,0.08536814837271255,-15.647524294725649,0.5914248776767077
82,82,75.71344869740642,0.04260423426739847,-15.60392820496062,0.3395545518203685
83,83,78.24060086649165,0.03715745166406727,-15.904384124640961,0.6113133081331018
84,84,75.59057932002544,0.027389401925335954,-16.750038016737246,0.4556110288765827
85,85,81.75708124432654,-0.023387516892783657,-16.679475140379907,0.15761576843297015
86,86,78.50369507492536,-0.037432018803725986,-16.47303449226878,0.3292304962778834
87,87,73.2207976974211,-0.013295618665082637,-16.974415033986595,0.16616830492912854
88,88,79.36250428223136,-0.05362614902775002,-16.819068041303243,0.5226507164105929
89,89,76.18692727407733,-0.10544326049558742,-16.725516964745243,0.7437106508154591
90,90,72.65226968705376,-0.11954085131542416,-17.43191767649641,-0.26446106400553876
91,91,76.11600721762106,-0.1159978474402978,-17.520564834417897,0.8940575645881197
92,92,74.0023087150766,-0.14134002829048475,-17.480309480414,0.6002282620980579
93,93,84.74378905143493,-0.15428069944328604,-16.36592861207829,0.678946986140697
94,94,83.23831177983377,-0.2521196824785299,-16.017349271231822,-0.20650420086022847
95,95,78.45129703326259,-0.20321396091497915,-15.037969915345682,0.483017308815034
96,96,81.50283228722066,-0.21842502065763159,-14.888511286766917,0.5138275971561754
97,97,79.4550393154168,-0.3046188976959724,-13.818586342994639,0.8421028614647408
98,98,82.0836003487647,-0.25119538639453654,-12.448945392985632,1.2269900727287548
99,99,86.8650087021192,-0.2901676919642849,-12.64306122799602,1.3675393538905014
100,100,82.67370838596217,-0.3314227380359543,-11.082570612051404,0.0648750504046739
101,101,84.61175998535772,-0.3187600389382488,-10.67051120422255,1.1040218088771516
102,102,79.05998288744152,-0.34232530948502926,-10.075598772048345,0.27126830382640915
103,103,77.62254426426317,-0.3435987498425893,-10.660173080135765,-0.5130606250196987
104,104,78.9567952995768,-0.3400177651199844,-10.706432965099882,0.5062454470825214
105,105,86.34052003209362,-0.37713382275801494,-10.089508400904176,0.17219789842611027
106,106,88.32590315241407,-0.34313800826786056,-9.78760644632029,-0.07158335304679292
107,107,82.17774332939182,-0.392359958732373,-10.6240225696677,0.011740227058515795
108,108,83.60526538162804,-0.3789641217041903,-9.930724721573052,0.11193532116310329
109,109,84.87378536855017,-0.38533580839091675,-10.053023428984387,-0.11939451903893639
110,110,89.97504952549598,-0.4252488392277173,-9.858269407802302,0.21062206615631374
111,111,84.31004593576299,-0.4161174051162121,-9.827235112445122,0.207668716465132
112,112,90.95544401444303,-0.4417003422003272,-9.284015916907295,-0.18367492329878693
113,113,89.93485042111688,-0.46820244194774013,-9.117000379016622,-0.46292149294886575
114,114,86.5392418215873,-0.42708789964264093,-9.73399950666119,-0.3833301479918613
115,115,95.33068892565622,-0.4780882048026511,-9.814599141170875,0.193211072152696
116,116,94.8788326629951,-0.43397628738911004,-9.508881411647957,0.1452500481604252
117,117,92.04138261302472,-0.49889636336807025,-10.133890216688904,0.0731447044290886
118,118,87.96833339337596,-0.4939767517236707,-10.835848614841902,0.16196513837592463
119,119,95.84709613991632,-0.5204419940209075,-10.673546974607564,-0.7211763343211529
120,120,98.30432928119271,-0.5198481243054093,-10.396414950127602,-1.5835397900537846
121,121,93.04554095312689,-0.49020595184658083,-10.834945829934226,-1.7250365517628152
122,122,90.6919818740032,-0.536757557314344,-10.643476327550609,-1.1243680985023174
123,123,91.26555526270614,-0.5219294193279311,-11.144367282062309,-2.93796467180738
124,124,96.95759191733315,-0.5396259443107105,-11.959977321470038,-4.078380041484015
125,125,93.20253359647054,-0.5403614533630952,-11.609967603476175,-3.776058057454986
126,126,91.0811058837971,-0.5767458215221382,-11.188985230650838,-4.0810173158241465
127,127,87.2616882262077,-0.5795632691045288,-11.246714450156752,-4.764842087365325
128,128,97.98030490005335,-0.5936651478547634,-11.131097769991348,-5.629912808889062
129,129,98.51197994207928,-0.6249741811444611,-10.286682235292298,-6.503522975617503
130,130,97.72289687319271,-0.6605475622973512,-10.127209222002278,-7.183214014964838
131,131,97.85531493374063,-0.6639070908163857,-10.160936025542284,-8.565613850826677
132,132,86.24463774093918,-0.6361799839387067,-10.19690561198373,-8.263444251571599
133,133,95.34791285044906,-0.683612732396541,-9.600570085229801,-9.380550822740652
134,134,89.02525424735404,-0.6545667232824294,-8.842628332846537,-10.54739885222184
135,135,96.35157610466592,-0.687143215453086,-8.079096575259358,-11.200016634777196
136,136,93.37601795409624,-0.7303936847826663,-8.085627076419543,-10.772444666730534
137,137,96.05611544399112,-0.7233502463943898,-8.030359693420777,-11.551990111908959
138,138,91.30004132423595,-0.738391940072269,-6.934976271480964,-12.21422528974441
139,139,87.06060123425567,-0.732982874412046,-6.626595623229443,-12.71325593383785
140,140,95.65057148379691,-0.7577505935485168,-5.174568369206247,-13.514787640688775
141,141,96.89591042897797,-0.7769986339039907,-4.148207887200119,-13.848706556896401
142,142,89.33960943971464,-0.7950521127748864,-4.665613481223546,-14.719827887076828
143,143,81.08364699192968,-0.8282037786137804,-2.7868924403723985,-14.452023536480944
144,144,89.69825795264842,-0.8132538960441461,-2.4405595448005406,-15.163321236460263
145,145,89.02799692667587,-0.8478070999385093,-1.3061411256659963,-15.294731466537405
146,146,91.35019325099593,-0.8229503652902483,-0.8438492315203605,-14.863230473588175
147,147,89.0824218845539,-0.8546843416932705,0.3503128846784825,-15.368724523866312
148,148,89.1610259150514,-0.8476931946579593,-0.540811727951567,-16.724443618234137
149,149,86.03596785966668,-0.8556721490945572,1.7533663074017727,-15.914055281561183
150,150,87.29215101166348,-0.9171817648541879,2.0851147687646296,-15.49157041919513
151,151,86.15972808608296,-0.8849090008186087,1.8861137393203393,-15.290473210315346
152,152,82.68095606549792,-0.8675371875968387,2.697540619046686,-16.328463599224314
153,153,80.33022423363181,-0.8988032136555754,2.6738412845985637,-16.02302973093462
154,154,85.6609478364109,-0.9245071589102002,3.29167497081438,-16.49669563091219
155,155,83.06438644862729,-0.92595747254677,3.5178979385939737,-16.637921447264628
156,156,78.36869242780003,-0.9701801634410985,2.958722867468287,-16.589028727177705
157,157,80.43652844575578,-0.9258696591956649,2.7685776873187016,-17.210690476474092
158,158,77.58764763388447,-0.9678204436504132,2.6157871622967477,-17.738023791912124
159,159,82.58988713647203,-0.9998668224854506,1.2508587780934721,-17.6243989832806
160,160,71.25733733791644,-1.0038324522783821,1.518711683487533,-17.5016604490561
161,161,68.4463473276456,-1.017601176919676,1.1808696366242628,-18.00878994366931
162,162,74.60902093380791,-1.0194034550451276,1.6479436380009092,-18.32518656481866
163,163,70.44421409570523,-1.034034208543532,0.9432438137346573,-18.208196938519627
164,164,68.91671283128044,-1.1023105364813321,0.8388845050662702,-18.467298083703774
165,165,73.01135383970528,-1.1017229955299046,2.143548002590003,-18.9582074677765
166,166,74.0985952853216,-1.1324897102415175,1.5751292386742786,-17.989727793775035
167,167,66.55476629138211,-1.1404040556717716,0.38439128919544296,-19.50838336170752
168,168,66.88562894544556,-1.1694963049007656,0.8674782523471063,-20.074581948745823
169,169,71.3972698471826,-1.233580336803319,0.43056614650507974,-19.77692142251199
170,170,56.1625099495269,-1.2662188461397694,0.22899122335256133,-20.196893489451615
171,171,61.34007203670589,-1.2281508701467998,-0.17084053138347283,-19.818632793726874
172,172,67.58427051671208,-1.2767071433022472,0.3174045264835328,-20.674431142504996
173,173,63.7112903107458,-1.332265454551048,-0.7251680510642214,-20.15528824887358
174,174,64.25749011364215,-1.3339810485560237,-0.5899542295536111,-20.181111838970217
175,175,60.87077131221546,-1.3788187502262066,-0.3090482281444398,-20.88380617819028
176,176,58.77653024729388,-1.4558072151474981,-0.5506440121433356,-20.545592501233987
177,177,62.37903246826088,-1.4690083515995893,-0.05029794786002634,-20.647251080315975
178,178,66.99011556016558,-1.4896808936960517,0.005811000254514254,-20.44811380276624
179,179,72.20494073290806,-1.5208766858627734,0.5314258533459705,-21.74469674941001
180,180,59.665991517677625,-1.5480833590845497,-0.28829115906480174,-21.660911591721057
181,181,62.971701367295196,-1.6350798125270978,0.3171866946569182,-21.98962030615082
182,182,62.036348302474124,-1.6433075235541055,-0.26986356224353164,-21.19764852467734
183,183,65.5787128827741,-1.6832471557733895,-0.47003976184255813,-21.52358040401963
184,184,73.52289551672328,-1.7237300796448163,-0.05695488814364158,-22.008254685828287
185,185,62.40225749424374,-1.696757402631754,-0.32473177296533084,-21.960019769099212
186,186,60.61132680654218,-1.7635713715487698,0.4613174026565231,-21.04358310178156
187,187,58.418894710536485,-1.7925735215771224,0.08822960749285022,-21.348202245014647
188,188,67.69574599808091,-1.8441575006828634,-0.5209871031853439,-19.327253640613105
189,189,68.33815101108466,-1.876672739435989,-0.6752182796618026,-19.90451925151612
190,190,62.46149189361898,-1.8962691711896578,-0.07397014786968006,-18.418896035624268
191,191,70.09648843248046,-1.9167985786289694,-0.046151176002116864,-17.539066923691436
192,192,75.19720532654581,-1.9507275760732137,0.6809448489039891,-17.206990762647784
193,193,64.19896008542287,-1.9548354640240162,0.2884472091093686,-16.292155645089547
194,194,65.68280505079815,-1.9904778354659654,-0.10377000980458265,-15.400226519327173
195,195,60.81520298487673,-2.030861065124931,0.852544188125993,-16.36348794821772
196,196,70.09140930182289,-2.0268941728533996,0.34935325195010997,-15.932136389461336
197,197,75.35303553975197,-2.055191720302826,1.5395940088055458,-16.32582183839536
198,198,66.15600449373805,-2.1145376829249223,1.6759729106295547,-15.99485478732325
199,199,77.83770739860614,-2.091154852680664,3.3930046648971723,-15.142509380250527
200,200,71.58242908216742,-2.1141047409328193,4.405259225801104,-16.325108870639337
201,201,69.83739616686205,-2.1426548177690434,4.710976732909195,-14.658057779865617
202,202,84.82023021460967,-2.168912776225861,5.995278270395988,-13.634972986332592
203,203,76.55954589578383,-2.1521709654655234,6.323377103809975,-12.783114097698277
204,204,70.97766657302526,-2.1856707006402223,6.8951311664845365,-12.084469149440835
205,205,69.00682111906582,-2.19013251831404,7.571692952721914,-11.898412950814281
206,206,75.37107176743473,-2.1780909344472317,7.911065854308047,-11.492969061712731
207,207,85.57111954162394,-2.2257283056841297,7.7021834266704605,-9.58098985526365
208,208,70.40549677216286,-2.223295955354189,8.975544874604054,-8.512165377381287
209,209,69.7035373683301,-2.2444411403703604,8.974600671200378,-9.030123660682175
210,210,69.34813614584468,-2.29534905143703,9.347710177013825,-8.521789527616997
211,211,76.2729646521101,-2.2906209112050187,8.687696672717996,-7.150353355975145
212,212,75.42324828998059,-2.331239060683074,9.391005455879146,-6.9526593150582165
213,213,70.24276295279286,-2.281420863654593,8.814876572936816,-7.101018836905544
214,214,71.36649703729097,-2.2909555407179707,8.392834411147087,-5.8822473483448325
215,215,65.62004047251654,-2.346488059889481,8.957817185146803,-4.567390389232308
216,216,76.00102994282844,-2.3486011935992224,9.020876309468767,-4.799643920025555
217,217,70.27427155134386,-2.368419959548469,8.753539328157528,-3.750611254027818
218,218,72.4426726420562,-2.3267093971304558,8.284709569050477,-3.4354041594113225
219,219,74.78863527580137,-2.360773471196752,8.648717042853338,-2.5604187972222068
220,220,75.10595837142401,-2.389817624008998,8.458206697797007,-2.1043002493034577
221,221,62.95181564899583,-2.390036619935672,8.14698999417348,-2.4722168622351357
222,222,63.88327351704787,-2.387719376074829,7.858116655619148,-1.5703597842529506
223,223,67.61664353561562,-2.3971101166490145,8.460613555772078,-0.011905346774791048
224,224,68.52225759288105,-2.4130164539662418,7.2730579364514805,-0.1228445759958589
225,225,71.87576009683762,-2.4083108132057904,7.536792555496501,-0.22534677263720257
226,226,72.95934372513858,-2.440764872658031,7.872720323339644,0.9942115803952674
227,227,65.92906984521954,-2.4227629061131566,7.215756560114416,0.33604383335790533
228,228,69.10605753172207,-2.4320258928964718,6.967530972849657,0.018571706460962678
229,229,64.04489879054464,-2.459162318168702,7.2539315351601195,-0.06282067591911705
230,230,61.070486633889026,-2.425360972877472,6.908012551551924,0.38153375468956274
231,231,63.017423550695625,-2.4621917495937438,6.7874807363645315,0.7296469124236562
232,232,67.40120723923772,-2.4452936858551424,6.270543093719725,-0.20011940984527643
233,233,69.29768664119986,-2.490326992161036,6.253395728322532,0.2358178178664104
234,234,69.90830508285619,-2.468183444913121,5.890340539362541,0.9204837656127212
235,235,64.16237047121837,-2.4581173441205775,5.9935804434783595,0.8526438468888251
236,236,60.48460961962701,-2.4898099773062916,5.573272206047181,0.6576706739040159
237,237,65.47404016304438,-2.5127802322865898,6.240284376789509,-0.0031092359409757298
238,238,65.25199715101648,-2.485611328789997,6.129833060374774,-0.22965326431236888
239,239,63.652048106383745,-2.47946158313762,6.563224561170236,0.17979295851795563
240,240,65.61566636610463,-2.5079800841809052,6.108548503822732,0.36016056146371384
241,241,58.97113112319964,-2.4923979676713226,6.22232449948978,0.4338309181055135
242,242,64.73912444925661,-2.5163553537062415,6.983310366943468,-0.062251306877056045
243,243,63.971019889127554,-2.5448108453201876,7.716306517361821,0.42240677473495136
244,244,57.84064495088074,-2.533289170665331,7.341481526021887,0.5734026199632045
245,245,69.60679189556586,-2.546619774942905,7.794641504796947,0.9064581531620739
246,246,61.602977820051265,-2.5718084626381286,8.502698759802836,0.5676768091499989
247,247,59.14671613056623,-2.539986468176263,7.697118124836893,0.34057181410338183
248,248,59.988211019933665,-2.574841093383115,9.187665740047569,0.06606699795004667
249,249,62.93256165088828,-2.535136581296829,9.102936487769368,0.09441275072584743
250,250,63.0420365348435,-2.6016862432933276,8.89550868994758,0.5228633986948252
251,251,55.04592459516969,-2.6058915562270375,9.59066992692196,0.41315847730771943
252,252,64.85634764836426,-2.5980860662274847,10.373841800692357,0.7867708562131406
253,253,61.9663479114148,-2.6332253618724994,10.126701042810433,0.24253299752986449
254,254,56.29911595255766,-2.611999657961656,10.044221742697601,0.5731533861639027
255,255,65.15196809243957,-2.6376241731489167,11.29500479982778,0.5887277083981522
256,256,60.73592080806839,-2.6679463363771845,10.34747272214366,0.6396390164725128
257,257,55.80554308931224,-2.648209670418065,11.309121678892467,0.07555055195839411
258,258,55.20989172786335,-2.700710539703434,11.538258190100976,-0.11259706453099921
259,259,58.210330828805496,-2.6848993897340043,12.471504187442516,-0.005884281352207588
260,260,59.10733561405039,-2.700144866266217,11.575054128032512,0.6598883881105281
261,261,55.9172918866733,-2.7290408519511073,11.458588572599858,0.1909675646978126
262,262,54.77930268595495,-2.7765862761867184,11.822876346068814,-0.45274912796275796
263,263,62.084347002702394,-2.7702259366219857,12.35546117241816,0.09767353734240557
264,264,55.4948926414347,-2.775781442011168,12.663897657638168,0.3449891520818055
265,265,59.31948451402289,-2.8002077408849306,12.948629154582774,-0.03993859475989105
266,266,52.76991623308928,-2.792893004188798,13.334030983221055,0.3221742159104353
267,267,56.80713292711041,-2.7714126312021077,12.712483887837221,-0.6082288802761816
268,268,49.82148535870751,-2.8536886912661705,13.52739460546263,-0.2960767759081324
269,269,51.51995157986053,-2.9255168317376334,12.796115464617827,-0.26847946916262744
270,270,56.250109999031466,-2.8610335664410433,13.548314781845757,-0.319973419541519
271,271,58.910473955531074,-2.9127771376249383,13.235805285190903,0.690428128579289
272,272,51.06953877896542,-2.905776435469509,13.854427970917847,-0.06511566467518526
273,273,55.76731286032498,-2.9756165913137287,13.611970656091913,-0.24607476961917712
274,274,60.75525302575414,-2.9876919480441892,14.113255471412845,0.549642267398921
275,275,51.70632601287869,-3.0061535725311215,14.717211585738603,-0.18570859061223657
276,276,48.446614897811784,-3.0586439992159007,14.786088808683957,0.20989976458071302
277,277,43.43078854784598,-3.071499704252454,15.339211737177775,-0.10059832800656862
278,278,51.98533341298707,-3.099311662820989,15.585037940694601,0.6435078730088526
279,279,54.039308260394314,-3.1394564318912344,15.851771384879735,0.2131779350958018
280,280,50.79957687096141,3.1343581815155157,16.23047214858594,0.3961073190064519
281,281,57.91773205730473,3.1335140165393183,15.822165551581651,-0.5136961049857893
282,282,49.604481689559265,3.081623355004788,15.93885193449307,-0.32669869624744363
283,283,48.95861097711945,3.039545697724746,16.55190899293688,0.05307601553264486
284,284,55.08653612348932,3.0041799003843765,17.068837631086293,-0.17113850180566598
285,285,56.793776100928866,2.9764232997653224,16.228817551262154,-0.10351850046403319
286,286,56.407166385163485,2.948390781294403,17.592886438219594,0.3784692053170571
287,287,54.348076514278155,2.9209190030844323,17.57906929942351,0.1318729842935671
288,288,48.91400184206301,2.840045341532953,17.534701867396222,0.1660758234602236
289,289,60.1204611523997,2.861917191645921,17.318067307690946,-0.4710895593581659
290,290,51.18892927087292,2.8267873230096745,18.613685432498865,-0.14851521786763938
291,291,52.71698412098514,2.798716317395462,17.71906043699699,0.6599207991766108
292,292,50.82902968708849,2.764135188530685,18.490788971026465,-0.11937543256084532
293,293,55.13769342053874,2.723210637444356,18.29734490015091,0.2335002733964354
294,294,60.177438897156925,2.7184277235141647,19.66251946913304,-0.5900259118666208
295,295,48.33971141122984,2.7038246477980903,19.00999385246394,-0.17845569284999663
296,296,62.11073174783481,2.671752045631811,19.195559702459224,0.4042712368848195
297,297,63.04285295151138,2.6241162290779965,19.210508270889825,0.34718415912985584
298,298,58.068498202643944,2.576066966836196,18.963205171476616,0.7627800679523533
299,299,71.06833781733259,2.5353755100646667,20.04548442094732,0.25922861508488326
300,300,64.39518769106924,2.506642421485846,19.358968774419697,0.2913553465037716
301,301,60.8277870491685,2.5043164823246626,18.883388935999587,-0.21361344357828854
302,302,67.87897953035639,2.4950293756787687,18.311600800640246,0.21706265641421685
303,303,69.00796189928232,2.4308688624574635,17.995482051879485,0.15441702058418227
304,304,77.94871820044851,2.4362861631231643,16.853764851285884,0.3107451188145587
305,305,65.72012645918772,2.401683404186648,16.56345613209862,-0.6931001397051376
306,306,71.65481757554386,2.3876589023368697,15.501323752382062,0.019313473776826823
307,307,72.44263981648022,2.4331612769028146,14.543965057197077,-0.8224511400623606
308,308,67.10600788051765,2.3853564392435285,14.618034451251738,0.5092631925484731
309,309,70.31871786239134,2.3584573074185786,14.568668025886705,0.5319198049359206
310,310,70.82686056901919,2.3777959720928004,14.563643659040167,1.824938561793061
311,311,66.31463872148174,2.336480913556478,13.899320828732472,3.154560438520812
312,312,75.38915811129993,2.3143124415306935,14.1894679300644,3.8770189770381447
313,313,67.3733158571219,2.3224131985014793,13.180678677534877,4.63456102726488
314,314,72.22361309302941,2.3279198494882953,13.199285929262631,5.007941003813981
315,315,71.3355359067425,2.285542223154262,12.943930013641328,6.830124581762084
316,316,74.74858984942702,2.2728882703638327,13.088742871469407,7.463043149578522
317,317,86.21245659801713,2.2601911355678195,10.40172400416124,7.831980207281459
318,318,80.61589123241914,2.236289600055856,11.418964992185412,8.87817826517601
319,319,77.64871863478055,2.24131262554356,9.49344696572024,9.34989490541489
320,320,73.72698038787307,2.1921982932847,9.526277183415923,9.073524280981104
321,321,70.94226435328231,2.1783339954756165,9.030194411636066,9.608579208922269
322,322,83.64164929143394,2.1348030029562683,7.861694990320034,9.46388261979977
323,323,75.33319795749493,2.164375264247598,7.681648690833811,9.379406994871175
324,324,82.9827854294456,2.172352141570389,6.2481174816362,10.328652716451568
325,325,76.00446461475923,2.1423029164818415,6.4556603658706795,10.03967311780276
326,326,88.0644693689748,2.109507980414577,5.586198458507433,9.694811485566474
327,327,81.71074106104822,2.1180308464513495,4.366658110572026,9.159976556064418
328,328,82.6527167811714,2.1183077664457137,4.340035165981023,8.854978075598614
329,329,74.70204956099364,2.067566319706684,3.3420228309192876,9.592837631546606
330,330,76.54147586713681,2.0750988482187713,2.2192049588926697,9.371780401094748
331,331,77.07149974288471,2.095276430737244,1.5697034463749195,10.105963478176829
332,332,69.21803997640679,2.042926219897442,1.8747384884054161,9.08721711449598
333,333,76.24133317827382,2.070240150730538,1.9322089713371562,8.93263556524075
334,334,81.49042637499592,2.0214380473383664,0.5340880269594703,8.68479793323447
335,335,79.90607205231721,2.027220947852728,0.8025476882832532,8.720997170040176
336,336,69.36144651600699,2.0107429042700784,0.2989579211001018,8.556483205314118
337,337,74.24740604572975,1.98629658590892,0.4957523115528387,7.850626750699007
338,338,71.6644579961363,2.0013442349644235,-0.9082458745280263,7.659391622139724
339,339,75.76998369535032,1.972035273590793,-0.43219081114496016,6.967888258919027
340,340,76.0857108564641,1.9945591708246961,-2.043969706969277,6.63434315171035
341,341,70.03475017355073,1.978978548819466,-1.3703237860479003,6.272874090537723
342,342,72.56738324647023,2.0037423420115954,-1.0296052949741035,6.146293380482994
343,343,75.21928564470863,1.9692389951895881,-1.2040636998461185,6.555101939459487
344,344,70.09735416015128,1.976674657056007,-2.050085923120916,6.949543733468146
345,345,80.07820750590679,1.9439645838824806,-1.1944995349992227,5.936406994449348
346,346,76.58658456834621,1.930045468389623,-1.1008993569915924,5.430242846006568
347,347,70.77089214559123,1.9008656442310548,-1.1149303935693453,5.870209548653156
348,348,72.5746426216035,1.9697629051272567,-1.4764487081733193,6.11374214978272
349,349,72.6814281138507,1.920707948121417,-0.9464024875891375,6.528896856223233
350,350,65.73319846472376,1.9028802367647535,-0.06174107564117287,5.7227388240704355
351,351,72.65241845656807,1.9090169585696115,-0.16392275634270337,5.660558482940237
352,352,78.70507978881534,1.9129044584442412,0.8590600316471597,5.775462140057932
353,353,72.87059970909367,1.9244221620306008,-0.0903316943658447,6.9593739710305105
354,354,65.08103331227301,1.9159398249084942,-0.2498140939483165,7.704231742820521
355,355,74.904585177301,1.8576299145044446,1.1218445723978059,7.916279619809772
356,356,73.5247378052757,1.8339036772866815,-0.009900323520811001,8.808640362585715
357,357,64.1511002142242,1.8915425833586497,-0.19361970096421963,8.720668967869852
358,358,72.65732545924921,1.836660623736389,-0.27057046891675884,8.34242344509962
359,359,65.9657781774267,1.858766499431337,-0.886335636005612,8.877640548115613
360,360,61.587858784682496,1.8448711121327364,-0.9462772123843036,8.814418447107347
361,361,73.57848070806115,1.8052365854317916,-1.1150924516396659,8.844325007965162
362,362,72.18487783524817,1.8323268943449915,-1.7115330985594674,9.811746179075707
363,363,75.38249003248528,1.8052850079082625,-1.4605160581297794,9.974035050102525
364,364,70.84232632389694,1.766100857543537,-0.4954118423722994,9.608150244306522
365,365,68.30484058778441,1.7434013995959428,-1.083475749403311,9.77416286861975
366,366,67.29698337456392,1.741198857700387,-1.0650864985186468,11.404470780678883
367,367,66.50729459131544,1.7427742641930015,-1.864204349925001,10.571843032567632
368,368,69.8713949783136,1.7326496094869306,-0.8372232038456038,11.120021743055867
369,369,66.04026234100289,1.7079174770840266,-0.9864401341272517,11.109453975596232
370,370,62.70622040761933,1.6929350190058223,-0.924909002586891,12.413180405027713
371,371,68.25369461446591,1.6744845563120434,-1.4664427010784495,12.314290226430463
372,372,66.48125030567628,1.6721617799034767,-0.7647106763989477,12.789250212417057
373,373,73.23353613762481,1.6617934727128958,-0.08768194399897589,12.503178326600317
374,374,67.22597847507438,1.6244594393417933,-0.018088029600723476,12.395390881295839
375,375,69.41156210764355,1.5857417945156573,-0.2913715566635756,13.404624479447229
376,376,74.7382379532372,1.6121257293076847,0.38776268092780036,13.628768559701358
377,377,68.09756049740815,1.5700876007096094,-0.01564235916889367,13.223025045165624
378,378,60.84268187715073,1.5195997513780066,0.22772283456290654,13.018411871038195
379,379,72.07942077016592,1.5234189240314226,-0.0650719658661365,13.991758671360191
380,380,67.80106756568534,1.496907974568284,0.22789612799247178,13.98884104989364
381,381,69.05106169141713,1.4724536822539736,-0.3641034346891185,13.903590292260322
382,382,63.629128737392435,1.4645668415491693,0.5601913336138569,14.85435661392678
383,383,73.6863168787928,1.467350313733138,-0.37129968619982745,15.215518620414981
384,384,68.14588136614647,1.4076680590541693,0.07751505522686286,15.39195416472772
385,385,68.3403963255671,1.382587335982436,-0.01196499774590215,14.792765065779443
386,386,69.70042834670303,1.3876840356584352,-0.2000091425081884,16.28495282110689
387,387,64.76205449787409,1.333214737714144,-0.5238938366070558,16.056464867481356
388,388,71.00481397351959,1.3551877411157496,0.26063854614280807,15.712891751932116
389,389,68.85013193905309,1.3005684702279838,0.49441931969638353,16.78970258247512
390,390,69.72109604706036,1.277761431408534,0.09090266455137663,16.498568476334327
391,391,64.06688217656126,1.2552525557497343,0.6142396108313434,16.495170364504535
392,392,69.77353293401902,1.2580445124300499,-0.09909028855173424,17.25681989189188
393,393,77.53587966172326,1.2068156645420125,0.3813640629156226,16.857526424705373
394,394,75.4596917055771,1.1661492557849455,0.2757884774094615,17.61251245154314
395,395,72.81163213996524,1.1904947524797433,0.25143235560655214,17.59838115276817
396,396,68.05736007796004,1.166271029918771,0.06986090736568398,17.080327557557652
397,397,76.0120183311108,1.1385143564557676,-0.3455035980021475,17.154983529755466
398,398,76.5744554735778,1.1103438316309793,-0.515658937718846,16.7218854675425
399,399,78.9420689459145,1.0472565730181183,0.6285460024670514,17.04076337266247
400,400,71.11444554274466,1.0398526557739878,-0.21832754239889973,16.06864660036964
401,401,71.55285134370627,1.0245603096780962,0.31022039808387053,16.462629177949662
402,402,74.06510388802658,1.0362064377691005,0.16001685994450476,16.688771992561485
403,403,80.94718927836828,1.028072872749842,0.5157772697998642,16.276752040754992
404,404,82.13911275994579,1.0080205978868622,0.47355141981251925,16.01163131725238
405,405,79.05685647345429,0.9506224795873065,0.24767970903505696,15.36436078048141
406,406,77.58889857039489,1.0010683976011092,0.45770371602264376,15.043250937798343
407,407,84.4457035787103,0.955877780768264,-0.007257618712508712,15.480603458782344
408,408,84.21082259338822,0.931845860223163,-0.2730847836124771,13.570865805079876
409,409,89.66920620098384,0.9032770485635317,0.0428631306868378,14.185972891539235
410,410,89.33166407028584,0.9302827436169439,0.6826185312628015,13.50375457766303
411,411,88.15162034847697,0.8799090091815004,0.08062785780706273,13.241915013866667
412,412,86.84766503147078,0.8698857271814725,-0.9760701479157343,12.745351675486797
413,413,89.87802914923238,0.8976944331809857,-0.5530963697743079,11.716807979291715
414,414,91.73079833692626,0.8207661827534352,-1.4528458771753767,11.316095465076323
415,415,85.34030089426331,0.8379338112532019,-1.0551635844347615,11.055847657117555
416,416,92.17006181992843,0.860600866978082,-1.9132598365887448,10.721084853768643
417,417,94.98601799813387,0.8050743422961469,-2.5238744878010877,10.155617085855027
418,418,92.38542278965792,0.8262718085642166,-3.4817003958987116,9.094716743743849
419,419,89.32931300937206,0.8068522435625474,-2.8464808213527104,8.3335391654438
420,420,90.99298189037619,0.7973476822652373,-3.0486500683418623,8.898494262238964
421,421,89.19165251144383,0.7581295959419742,-2.8948178824323247,8.160989852728866
422,422,87.88231196018874,0.7971358673133668,-3.3053802336933336,8.016094368444431
423,423,88.8011891383781,0.774815415897544,-3.6536672860776447,7.979550808740726
424,424,98.41771622709456,0.7418731413337204,-3.1421265507408354,7.8448437156460775
425,425,99.92094685513028,0.754681206675508,-3.244401650464731,5.795764741708236
426,426,90.29011162962748,0.7383944834799807,-4.021514241941551,5.127461842095132
427,427,90.26601000013731,0.7237872363015548,-3.685463511761315,5.3875283020395335
428,428,96.70393379439835,0.741335910762182,-3.3402812472416104,4.878969323242919
429,429,92.5729170666183,0.757982315433385,-4.174509886564283,3.925429737405727
430,430,99.34395479793184,0.6806752304554017,-4.990467442182574,3.3855022376728634
431,431,93.22921171739596,0.6926302742695648,-3.6916662253467245,3.5548996051626296
432,432,95.67660150090393,0.7109917301086902,-3.4516391673116145,3.0967118365154795
433,433,102.53088148709908,0.6909449140467914,-4.571665430065603,3.299048465492329
434,434,93.90371692220334,0.7141762478951845,-3.295308521301517,2.3684312126554348
435,435,92.97049504200365,0.6843112098877465,-2.9714155990969617,3.051014363142685
436,436,94.13407351287346,0.6879664499897478,-3.855673815304343,2.2081903020564546
437,437,96.11298708831356,0.7238770518847447,-3.3592270851400574,2.9983570311509413
438,438,92.46678465321821,0.6790881530454433,-4.207666869460227,2.3441820930304247
439,439,98.72103736724208,0.6856946470443327,-3.7267421312279234,2.7387121080243237
440,440,94.1524424268073,0.6832996448720269,-5.048697444900121,2.0790928731144316
441,441,92.67421886990607,0.6888731615324942,-5.632214094208209,2.052337583278511
442,442,90.17518678594509,0.6711639823258113,-5.242763354574032,1.6781228478600474
443,443,95.2346620014058,0.6152276309944888,-5.9626684904900635,1.6058253462552103
444,444,89.36814208278064,0.6652353281436885,-5.680727031680558,1.8621098791628314
445,445,95.8610500521015,0.6059708761447633,-6.458970918243994,1.371151564266613
446,446,89.10750791712698,0.6426429284301027,-6.746472232893575,1.8130944520974357
447,447,89.2325005589076,0.6339797240869549,-6.352904951614975,1.5549249124382845
448,448,91.42904312164951,0.6091863216497705,-6.733921627131613,1.9692951176599112
449,449,96.8964870862833,0.6199883012278594,-6.764823445008146,1.4581396292384157
450,450,93.4025663916485,0.6300383031797204,-6.79493993403777,1.2090907646313356
451,451,87.72240082072291,0.6129509420566627,-7.911145355414882,1.3569209768475874
452,452,90.16111264019354,0.5753521006869952,-7.853904043494532,2.5303304633573034
453,453,97.36852049498972,0.5848487212679817,-7.355025409231014,0.7276972623300583
454,454,92.82586542621821,0.5640416126582259,-9.608349239956164,0.5915821406981236
455,455,86.68646975674179,0.545223489909012,-9.212448254411713,0.38895063226111837
456,456,92.81323154036559,0.5281180400675387,-9.690685602203441,0.3266702962779481
457,457,85.58706196251994,0.5370608283243441,-9.73966292650271,0.570767705714973
458,458,96.11941988857919,0.5290922279055351,-9.950267106627155,-0.049776430711930164
459,459,92.796835048336,0.5475281202643469,-10.024436059956251,0.765297057411826
460,460,81.02995629779609,0.5177250427270537,-11.205345860501806,0.7407242183427899
461,461,87.1160895921963,0.4862681110934751,-10.308955933611053,0.5633413454167524
462,462,88.3357731046055,0.4935662749902777,-10.896595819040293,0.3469660212125266
463,463,89.6629121571753,0.4652522163542428,-10.676605510911937,0.33390143739669936
464,464,86.24756621251036,0.5006681362643985,-9.922901083350348,0.28055715442912577
465,465,81.9663830924116,0.41116553572503495,-9.13218931683469,0.6646647625090187
466,466,89.17490549474813,0.4637333810000141,-8.86550972092652,-0.008045635362382564
467,467,86.35206067696248,0.4453864136007466,-7.812090792131093,-0.097507175033482
468,468,80.97089690831922,0.42220388896638167,-6.8273608442788385,0.6692449516720475
469,469,87.64372417187666,0.43851114189234064,-6.1380307133532614,-0.11237379249293006
470,470,80.98639245149184,0.4007369065701606,-5.503100071896694,0.8281497770461863
471,471,83.25808478898998,0.41597183491879414,-5.29217599424366,-0.21549736226209665
472,472,87.91101671658359,0.3934336184961446,-5.17760510337849,0.8548203435938182
473,473,84.91757579888106,0.3795584420087029,-5.550158961893578,0.4751452695586674
474,474,86.11874286274728,0.41246220521319465,-5.4390110806566865,0.19642691415864316
475,475,86.13882874379044,0.4088055491533346,-5.221700449881367,0.06432539803378376
476,476,85.38192664710196,0.3931588354555699,-4.6467935625564865,0.1893282153567089
477,477,86.12330726605333,0.35721847860998024,-4.067495842903663,0.11900492119586234
478,478,85.40651760481573,0.39519953912556105,-4.664423429422572,0.7612104096173398
479,479,80.86485964149753,0.34619542899251393,-4.691684622471743,0.6332373939272442
480,480,86.93527622637036,0.36988411171712415,-4.486489945223179,0.13658488444221867
481,481,82.04402663048029,0.3526291815778296,-4.638765947395754,0.5289270322081906
