,Time,X,Y,VX,VY
0.000997304916381836,0.000997304916381836,0.0,0.0,0.0,0.0
0.10323977470397949,0.10323977470397949,0.0,0.0,0.0,0.0
0.2044830322265625,0.2044830322265625,0.0,0.0,0.0,0.0
0.30620908737182617,0.30620908737182617,0.0,0.0,0.0,0.0
0.40793633460998535,0.40793633460998535,0.0,0.0,0.0,0.0
0.5096681118011475,0.5096681118011475,0.0,0.0,0.0,0.0
0.6113924980163574,0.6113924980163574,0.0,0.0,0.0,0.0
0.7131226062774658,0.7131226062774658,0.0,0.0,0.0,0.0
0.8148488998413086,0.8148488998413086,0.0,0.0,0.0,0.0
0.9175748825073242,0.9175748825073242,0.0,0.0,0.0,0.0
1.0202991962432861,1.0202991962432861,0.0,0.0,0.0,0.0
1.121544599533081,1.121544599533081,0.0,0.0,0.0,0.0
1.2228093147277832,1.2228093147277832,0.0,0.0,0.0,0.0
1.3245329856872559,1.3245329856872559,0.0,0.0,0.0,0.0
1.426262617111206,1.426262617111206,0.0,0.0,0.0,0.0
1.527998685836792,1.527998685836792,0.0,0.0,0.0,0.0
1.629262924194336,1.629262924194336,0.0,0.0,0.0,0.0
1.7309916019439697,1.7309916019439697,0.0,0.0,0.0,0.0
1.8327202796936035,1.8327202796936035,0.0,0.0,0.0,0.0
1.9354493618011475,1.9354493618011475,0.0,0.0,0.0,0.0
2.0371737480163574,2.0371737480163574,0.0,0.0,0.0,0.0
2.1389002799987793,2.1389002799987793,0.0,0.0,0.0,0.0
2.2406296730041504,2.2406296730041504,0.0,0.0,0.0,0.0
2.342355728149414,2.342355728149414,0.0,0.0,0.0,0.0
2.4440860748291016,2.4440860748291016,0.0,0.0,0.0,0.0
2.545327663421631,2.545327663421631,0.0,0.0,0.01963314414024353,7.438733882736415e-05
2.6470553874969482,2.6470553874969482,-1.5001627616584301e-05,-0.0007430054247379303,-0.0494358129799366,0.0006379400147125125
2.7492101192474365,2.7492101192474365,0.00033329834695905447,-0.007004773244261742,-0.0985533595085144,-0.007853041402995586
2.8509905338287354,2.8509905338287354,0.00037520669866353273,-0.033840665593743324,-0.450385719537735,-0.0016335631953552365
2.9527199268341064,2.9527199268341064,0.0008432874456048012,-0.09806578140705824,-0.7802233099937439,-0.0029076491482555866
3.053995370864868,3.053995370864868,0.0013650391483679414,-0.16922781709581614,-1.0270411968231201,-0.0038381018675863743
3.155723810195923,3.155723810195923,0.0022641082759946585,-0.2922367602586746,-1.3399364948272705,-0.0050155543722212315
3.256931781768799,3.256931781768799,0.0030668219551444054,-0.4013152662664652,-1.5534002780914307,-0.0058221458457410336
3.358659029006958,3.358659029006958,0.004417403251864016,-0.5870551383122802,-1.8731610774993896,-0.0070163533091545105
3.46038818359375,3.46038818359375,0.006183296674862504,-0.8280689874663949,-2.2070252895355225,-0.008285044692456722
3.562114715576172,3.562114715576172,0.00752273213583976,-1.011755677871406,-2.4415528774261475,0.020131336525082588
3.6648402214050293,3.6648402214050293,0.02306028176099062,-1.2907072827219963,-2.7212045192718506,0.23771704733371735
3.766573190689087,3.766573190689087,0.07126669818535447,-1.6026810184121132,-2.9648211002349854,0.4969419240951538
3.868298053741455,3.868298053741455,0.13400055654346943,-1.9704542830586433,-3.308588743209839,0.33870047330856323
3.9700231552124023,3.9700231552124023,0.17096017440780997,-2.331779978238046,-3.6000070571899414,0.3104764223098755
4.071750640869141,4.071750640869141,0.20633976650424302,-2.707800433970988,-3.8764727115631104,0.3215619921684265
4.173480749130249,4.173480749130249,0.23372389213182032,-3.001975608058274,-4.09145450592041,0.3347305953502655
4.275208950042725,4.275208950042725,0.2722992573399097,-3.417852431535721,-4.378468036651611,0.355250746011734
4.376686334609985,4.376686334609985,0.3150984407402575,-3.8803712828084826,-4.657989978790283,0.376860648393631
4.4784111976623535,4.4784111976623535,0.35959260165691376,-4.361618993803859,-4.707413673400879,0.3805862367153168
4.580148458480835,4.580148458480835,0.41066368226893246,-4.914146953262389,-4.8179426193237305,0.3896501362323761
4.681564092636108,4.681564092636108,0.45773614721838385,-5.42357661575079,-5.181723117828369,0.4193003475666046
4.782774448394775,4.782774448394775,0.5085737614426762,-5.973911948502064,-5.637551784515381,0.45627161860466003
4.884640216827393,4.884640216827393,0.5486744591034949,-6.407889619469643,-5.911863803863525,0.4784723222255707
4.986558198928833,4.986558198928833,0.6083337574964389,-7.05380432959646,-6.392942905426025,0.5173355340957642
5.087801933288574,5.087801933288574,0.6727369240252301,-7.751345216296613,-6.809045791625977,0.5508082509040833
5.189042568206787,5.189042568206787,0.7387535558082163,-8.466551565565169,-7.231375694274902,0.5849996209144592
5.290293455123901,5.290293455123901,0.8077550835441798,-9.214123060926795,-7.595420837402344,0.6142032742500305
5.3920204639434814,5.3920204639434814,0.880129452678375,-9.998657244257629,-7.952809810638428,0.6428689956665039
5.493746757507324,5.493746757507324,0.9560973546467721,-10.822242621332407,-8.301002502441406,0.6708145141601562
5.595473289489746,5.595473289489746,1.0337446137564257,-11.664196476340294,-8.655494689941406,0.6992651224136353
5.698204040527344,5.698204040527344,1.1175118435639888,-12.57289751432836,-8.977453231811523,0.72507244348526
5.799927234649658,5.799927234649658,1.198110170662403,-13.447309562005103,-9.29734992980957,0.7507069110870361
5.901656627655029,5.901656627655029,1.2885918177198619,-14.42921230290085,-9.624035835266113,0.7768687009811401
6.003385782241821,6.003385782241821,1.3806481257779524,-15.428424720652401,-9.954167366027832,0.8032870888710022
6.105111837387085,6.105111837387085,1.482364272000268,-16.532787394709885,-10.277791976928711,0.8291541337966919
6.2063682079315186,6.2063682079315186,1.5563019369728863,-17.335702917538583,-10.445849418640137,0.842535138130188
6.307490587234497,6.307490587234497,1.648024857393466,-18.437943525612354,-10.746442794799805,0.6150003671646118
6.4092278480529785,6.4092278480529785,1.7005745123606175,-19.601719575934112,-11.0511474609375,0.273651659488678
6.510499477386475,6.510499477386475,1.7292051354888827,-20.480970815755427,-11.313596725463867,0.2580917179584503
6.612231492996216,6.612231492996216,1.76583467295859,-21.648835956119,-11.60706901550293,0.19778497517108917
6.714952230453491,6.714952230453491,1.80162428249605,-22.930635682307184,-11.916895866394043,0.1790369600057602
6.816680669784546,6.816680669784546,1.8381902768742293,-24.299227559007704,-12.23728084564209,0.17967866361141205
6.917934417724609,6.917934417724609,1.8742504769470543,-25.665169348940253,-12.530330657958984,0.18550267815589905
7.019659757614136,7.019659757614136,1.9098505694419146,-26.916252645663917,-12.784768104553223,0.3236248195171356
7.121386528015137,7.121386528015137,1.9788691422436386,-28.29940809868276,-13.056536674499512,0.5551384091377258
7.223114967346191,7.223114967346191,2.060717653366737,-29.735126722604036,-13.327791213989258,0.6383371949195862
7.324843168258667,7.324843168258667,2.140161732211709,-31.039920784533024,-13.305848121643066,0.6867493987083435
7.426571846008301,7.426571846008301,2.238646085606888,-32.59374458901584,-13.431769371032715,0.7155478596687317
7.528299331665039,7.528299331665039,2.32394253811799,-33.96944754105061,-13.738243103027344,0.6018139719963074
7.63003134727478,7.63003134727478,2.3876261124387383,-35.32311940938234,-14.011637687683105,0.5065324902534485
7.731754779815674,7.731754779815674,2.458841663436033,-36.928531900048256,-14.324212074279785,0.44528281688690186
7.832999229431152,7.832999229431152,2.5185425069648772,-38.389355862513185,-14.593506813049316,0.4150146245956421
7.934195280075073,7.934195280075073,2.583965975791216,-40.05610744096339,-14.882315635681152,0.4068480134010315
8.035923957824707,8.035923957824707,2.6220207943115383,-41.04021901730448,-15.047704696655273,0.4078245162963867
8.137261152267456,8.137261152267456,2.67470538825728,-42.4100512098521,-15.274529457092285,0.4122568368911743
8.238988399505615,8.238988399505615,2.755082174902782,-44.50637776311487,-15.59994125366211,0.42112743854522705
8.34071683883667,8.34071683883667,2.8084334562299773,-45.899660657159984,-15.808001518249512,0.42713335156440735
8.44192886352539,8.44192886352539,2.876694903126918,-47.68299356568605,-16.061243057250977,0.4342995882034302
8.54317307472229,8.54317307472229,2.9290061495266855,-49.050594124011695,-16.254594802856445,0.4396114945411682
8.644901990890503,8.644901990890503,2.998076908988878,-50.85661738086492,-16.50343894958496,0.44624069333076477
8.746630430221558,8.746630430221558,3.0377650229493156,-51.894768714904785,-16.644556045532227,0.44992369413375854
8.84935212135315,8.84935212135315,3.1248073120368645,-54.17307355813682,-16.94887351989746,0.4577281177043915
8.951079607009888,8.951079607009888,3.1875268643489107,-55.81603786535561,-17.124608993530273,0.4621291160583496
9.052808046340942,9.052808046340942,3.270627787220292,-57.99352815467864,-17.096254348754883,0.4609721601009369
9.154536247253418,9.154536247253418,3.3261451518628746,-59.449081285856664,-17.059337615966797,0.45983362197875977
9.256264209747314,9.256264209747314,3.3820755486376584,-60.915686997585,-16.958438873291016,0.45706477761268616
9.35799241065979,9.35799241065979,3.4392374102026224,-62.41476127970964,-16.807476043701172,0.4530445337295532
9.45971941947937,9.45971941947937,3.522802385967225,-64.60581155400723,-16.52754020690918,0.4457350969314575
9.5614492893219,9.5614492893219,3.58890123735182,-66.33767641708255,-15.76233196258545,0.4254764914512634
9.664173364639282,9.664173364639282,3.6420980932889506,-67.73065978754312,-15.12103271484375,0.40878069400787354
9.765901803970337,9.765901803970337,3.7068142112111673,-69.42270175274462,-14.361714363098145,0.3891739547252655
9.867140293121338,9.867140293121338,3.7637474229559302,-70.90849141962826,-13.53200626373291,0.3675515949726105
9.968383073806763,9.968383073806763,3.808646503603086,-72.07812984939665,-12.895914077758789,0.3511252999305725
10.070111751556396,10.070111751556396,3.8637659060768783,-73.51141665130854,-12.10494327545166,0.33033034205436707
10.171842098236084,10.171842098236084,3.9136008414207026,-74.80554257519543,-11.223383903503418,0.30743080377578735
10.274563789367676,10.274563789367676,3.9422690611099824,-75.5488058635965,-10.717480659484863,0.2941334843635559
10.376294612884521,10.376294612884521,3.9890507665695623,-76.75933897029608,-10.255438804626465,0.28213179111480713
10.47802186012268,10.47802186012268,4.0249077890766785,-77.68566368240863,-10.236577987670898,0.2818285822868347
10.579748392105103,10.579748392105103,4.059625208377838,-78.58256546128541,-10.227065086364746,0.2816149890422821
10.681476354598999,10.681476354598999,4.111924318829551,-79.93335735332221,-10.21078872680664,0.2811775803565979
10.783204555511475,10.783204555511475,4.147877690964378,-80.86208472214639,-10.20063591003418,0.2808966040611267
10.884932518005371,10.884932518005371,4.190901051741093,-81.97363735828549,-10.204323768615723,0.28099364042282104
10.986676216125488,10.986676216125488,4.235147073981352,-83.11581676453352,-10.169744491577148,0.2800401747226715
11.088401556015015,11.088401556015015,4.27085271186661,-84.0379206892103,-9.8530855178833,0.2713787257671356
11.19012975692749,11.19012975692749,4.314235491678119,-85.1577868219465,-9.626031875610352,0.2652890086174011
11.29185700416565,11.29185700416565,4.346097926609218,-85.97954428382218,-9.515615463256836,0.26211199164390564
11.393102407455444,11.393102407455444,4.3802672303281724,-86.86159533448517,-9.465045928955078,0.26076218485832214
11.49434494972229,11.49434494972229,4.410780851612799,-87.64868451841176,-9.476274490356445,0.2612193822860718
11.595558643341064,11.595558643341064,4.443995518027805,-88.73179072700441,-9.515679359436035,0.008694445714354515
11.697285890579224,11.697285890579224,4.419045874965377,-90.04685604665428,-9.641002655029297,-0.38981497287750244
11.799015045166016,11.799015045166016,4.401186028728262,-90.63895108550787,-9.769752502441406,-0.3757628798484802
11.900739669799805,11.900739669799805,4.366183850215748,-91.8585114935413,-9.851949691772461,-0.4166724979877472
12.002470254898071,12.002470254898071,4.332182194804773,-92.96080507244915,-9.897761344909668,-0.4271475076675415
12.104194641113281,12.104194641113281,4.304062158917077,-93.8473927108571,-10.071727752685547,-0.4943091571331024
12.205924034118652,12.205924034118652,4.231824272079393,-95.09783252701163,-10.381986618041992,-0.97789067029953
12.307651996612549,12.307651996612549,4.114842572249472,-96.1201301831752,-10.588549613952637,-1.5276113748550415
12.409379482269287,12.409379482269287,3.9429847713327035,-97.1490484951064,-10.812747955322266,-2.0283751487731934
12.510618448257446,12.510618448257446,3.7845459582749754,-97.98078159801662,-11.006086349487305,-2.3183107376098633
12.612346649169922,12.612346649169922,3.527028158074245,-99.10195667576045,-11.139151573181152,-2.973341226577759
12.714154243469238,12.714154243469238,3.192284592310898,-100.2523578023538,-11.218690872192383,-3.6578147411346436
12.815884590148926,12.815884590148926,2.890721280942671,-101.12453133799136,-11.245048522949219,-4.212688446044922
12.917611837387085,12.917611837387085,2.327270553330891,-102.50578212086111,-11.194113731384277,-5.1483049392700195
13.019349813461304,13.019349813461304,1.9119143611751497,-103.3841290390119,-10.986865043640137,-5.679801940917969
13.121077060699463,13.121077060699463,1.2740534788463265,-104.57589884940535,-10.60851764678955,-6.276286602020264
13.222321510314941,13.222321510314941,0.5913006596965715,-105.66345640085638,-10.422926902770996,-7.083688735961914
13.324046611785889,13.324046611785889,-0.19132225948851556,-106.7395870955661,-10.083538055419922,-8.001758575439453
13.425774574279785,13.425774574279785,-0.826075901160948,-107.51153256930411,-9.781155586242676,-8.695368766784668
13.527503967285156,13.527503967285156,-1.8408411716809496,-108.60300295148045,-9.35707950592041,-9.516667366027832
13.629231691360474,13.629231691360474,-2.5935276690870523,-109.32317697629333,-8.999391555786133,-10.10655403137207
13.730959177017212,13.730959177017212,-3.429441978223622,-110.04685707204044,-8.561630249023438,-10.735321998596191
13.832687139511108,13.832687139511108,-4.308797215810046,-110.73745924886316,-8.114263534545898,-11.273900032043457
13.934415578842163,13.934415578842163,-5.363116295426153,-111.471519254148,-7.626349925994873,-11.83461856842041
14.036191701889038,14.036191701889038,-6.410972502548248,-112.12928326521069,-7.050694942474365,-12.401324272155762
14.1373872756958,14.1373872756958,-7.6337328715017065,-112.79187098518014,-6.3472137451171875,-12.957839012145996
14.239114999771118,14.239114999771118,-8.884536110446788,-113.37230138387531,-5.527218341827393,-13.52195930480957
14.340477705001831,14.340477705001831,-10.24668222211767,-113.896913879551,-4.651674270629883,-14.0260591506958
14.442202806472778,14.442202806472778,-11.657364999176934,-114.33442970085889,-3.738744020462036,-14.477742195129395
14.543933153152466,14.543933153152466,-12.623261322383769,-114.57564227562398,-3.081468105316162,-14.745561599731445
14.645161867141724,14.645161867141724,-13.610190250677988,-114.77589447330683,-2.443272113800049,-14.965914726257324
14.746395349502563,14.746395349502563,-14.605391346849501,-114.93327242322266,-1.7491461038589478,-15.156705856323242
14.849123477935791,14.849123477935791,-15.618616947089322,-115.04956396762282,-1.106518268585205,-15.313739776611328
14.95085072517395,14.95085072517395,-17.15210819465574,-115.14228101074696,-0.14427147805690765,-15.521896362304688
15.052578449249268,15.052578449249268,-18.187507427181117,-115.14823520183563,0.5322594046592712,-15.63330078125
15.154305696487427,15.154305696487427,-19.24403217236977,-115.12371378857642,1.1504063606262207,-15.699315071105957
15.256032705307007,15.256032705307007,-20.807965534273535,-115.00171843729913,1.8428417444229126,-15.835222244262695
15.357760667800903,15.357760667800903,-21.860119944787584,-114.87565900105983,2.244138717651367,-15.906034469604492
15.459489107131958,15.459489107131958,-22.924773872247897,-114.7310295952484,2.557882070541382,-16.018524169921875
15.561217546463013,15.561217546463013,-24.546489550732076,-114.46357440762222,2.7205560207366943,-16.255565643310547
15.66308879852295,15.66308879852295,-25.63596649572719,-114.28510462585837,2.905097007751465,-16.366355895996094
15.764207601547241,15.764207601547241,-27.28477246966213,-114.00463949982077,3.0985491275787354,-16.543495178222656
15.865453481674194,15.865453481674194,-28.95466686587315,-113.72429234813899,2.882985830307007,-16.81549072265625
15.967236757278442,15.967236757278442,-30.083335614181124,-113.55852481443435,2.5028879642486572,-16.99083137512207
16.06900382041931,16.06900382041931,-31.798366068163887,-113.35735828988254,2.120680570602417,-17.257925033569336
16.170610666275024,16.170610666275024,-33.538132172776386,-113.18315611686558,1.7831816673278809,-17.5200138092041
16.271300554275513,16.271300554275513,-35.30280419101473,-113.03575800359249,1.556540846824646,-17.76247215270996
16.37402653694153,16.37402653694153,-37.09098238986917,-112.9041202319786,1.4533241987228394,-17.99384880065918
16.475754022598267,16.475754022598267,-38.295739793684334,-112.8203555373475,1.4270387887954712,-18.142915725708008
16.577484369277954,16.577484369277954,-40.12018534599338,-112.69689290318638,1.4208319187164307,-18.361501693725586
16.678213119506836,16.678213119506836,-41.96758908638731,-112.57363847550005,1.4333457946777344,-18.57658576965332
16.779939651489258,16.779939651489258,-43.83647014189046,-112.44948691688478,1.4523658752441406,-18.788801193237305
16.881668090820312,16.881668090820312,-45.726577789057046,-112.32399525027722,1.4311877489089966,-19.00065040588379
16.982398509979248,16.982398509979248,-47.63789810333401,-112.21309165190905,1.1076586246490479,-19.206714630126953
17.08412742614746,17.08412742614746,-49.56888804200571,-112.15009847003967,0.6758685111999512,-19.41273307800293
17.18585443496704,17.18585443496704,-52.13543659157585,-112.11571024451405,0.26427727937698364,-19.68858528137207
17.28758192062378,17.28758192062378,-54.034366507665254,-112.12043061479926,0.03728595748543739,-19.88532066345215
17.389310121536255,17.389310121536255,-56.023973528528586,-112.14323152974248,-0.08851027488708496,-20.080263137817383
17.49111819267273,17.49111819267273,-57.89361566421576,-112.17313567642123,-0.14965449273586273,-20.062002182006836
17.592849254608154,17.592849254608154,-60.40431008953601,-112.21928737778217,-0.17913953959941864,-20.192527770996094
17.694573640823364,17.694573640823364,-62.36370005749632,-112.2572877286002,-0.18601404130458832,-20.40430450439453
17.795639753341675,17.795639753341675,-64.19564362766687,-112.29334215633571,-0.18699859082698822,-20.61152458190918
17.896697998046875,17.896697998046875,-66.72934819897637,-112.34339800756425,-0.1855657696723938,-20.86351203918457
17.998423099517822,17.998423099517822,-68.67719518218655,-112.38181483093649,-0.18437835574150085,-21.04277801513672
18.100151777267456,18.100151777267456,-70.65919184649829,-112.42080721165985,-0.18361741304397583,-21.21615982055664
18.200884580612183,18.200884580612183,-73.20235079841223,-112.47070144023746,-0.18330876529216766,-21.431278228759766
18.30360722541809,18.30360722541809,-75.13854914158583,-112.50858365278691,-0.1834810972213745,-21.578454971313477
18.405336141586304,18.405336141586304,-77.64796268602367,-112.55759402178228,-0.18406346440315247,-21.781932830810547
18.507063388824463,18.507063388824463,-79.56581028213259,-112.5949831623584,-0.18323463201522827,-21.757511138916016
18.608792066574097,18.608792066574097,-82.11585926020052,-112.64465257804841,-0.18248796463012695,-21.72885513305664
18.710518836975098,18.710518836975098,-84.0131395420758,-112.68155882693827,-0.18184511363506317,-21.678056716918945
18.812257289886475,18.812257289886475,-85.90616792114452,-112.71838317532092,-0.18087159097194672,-21.571636199951172
18.91377592086792,18.91377592086792,-87.81913723621983,-112.75559079553932,-0.17967994511127472,-21.423845291137695
19.015504360198975,19.015504360198975,-89.67312894505449,-112.79165796656162,-0.17462989687919617,-20.79649543762207
19.116676330566406,19.116676330566406,-92.1753674360225,-112.84039182867855,-0.16814981400966644,-19.91106605529785
19.217875719070435,19.217875719070435,-94.10515372594818,-112.8780870847404,-0.16343994438648224,-19.213294982910156
19.318116188049316,19.318116188049316,-95.95821868337225,-112.9144219988957,-0.15890254080295563,-18.52250099182129
19.41935658454895,19.41935658454895,-97.72063949634321,-112.94909160491079,-0.15438887476921082,-17.837202072143555
19.521085262298584,19.521085262298584,-99.87864832603373,-112.99173834733665,-0.1484290510416031,-16.95484733581543
19.622812747955322,19.622812747955322,-101.40613064647187,-113.02208863571286,-0.1436236947774887,-16.281198501586914
19.72454285621643,19.72454285621643,-102.94398891809396,-113.05273931100965,-0.14303506910800934,-16.08470344543457
19.82627248764038,19.82627248764038,-104.99988766002934,-113.07906697504222,0.20310527086257935,-16.048620223999023
19.92799663543701,19.92799663543701,-106.4574240737129,-113.05424213781953,0.7513834238052368,-15.983826637268066
20.029725790023804,20.029725790023804,-107.87537613627501,-112.97247048001736,1.416088342666626,-15.876215934753418
20.131453275680542,20.131453275680542,-109.2517157108523,-112.82960551977158,2.2214670181274414,-15.710761070251465
20.233181715011597,20.233181715011597,-110.66945418424439,-112.6053105480969,3.056760549545288,-15.488151550292969
20.334420204162598,20.334420204162598,-112.0566980773583,-112.30210155621171,4.04974889755249,-15.155951499938965
20.434661865234375,20.434661865234375,-113.54120853659697,-111.87421245221049,5.058450222015381,-14.737359046936035
20.53738760948181,20.53738760948181,-114.50666295061819,-111.53562868759036,5.58241081237793,-14.191898345947266
20.63911533355713,20.63911533355713,-115.89973202487454,-110.95874862372875,6.350743770599365,-13.330698013305664
20.740844249725342,20.740844249725342,-117.1973281018436,-110.31216179579496,7.043964862823486,-12.426776885986328
20.842564582824707,20.842564582824707,-118.37809309212025,-109.61738660559058,7.6135759353637695,-11.505094528198242
20.94380497932434,20.94380497932434,-119.13817195093725,-109.1091682203114,7.956760883331299,-10.896903038024902
21.044085025787354,21.044085025787354,-120.20220571686514,-108.30725356470793,8.370484352111816,-9.986865997314453
21.146290063858032,21.146290063858032,-121.17786762933247,-107.46806566882879,8.665607452392578,-9.122664451599121
21.247529983520508,21.247529983520508,-121.7814491300378,-106.89373850822449,8.81282901763916,-8.605401039123535
21.349257946014404,21.349257946014404,-122.6213185111992,-106.015813277103,8.942724227905273,-7.792732238769531
21.450987339019775,21.450987339019775,-123.13664121809416,-105.42374515905976,9.021377563476562,-7.30964469909668
21.55271339416504,21.55271339416504,-123.61891071952414,-104.82676954753697,9.065084457397461,-6.801697731018066
21.654440879821777,21.654440879821777,-124.27786887262482,-103.92566249519587,9.03443717956543,-5.985228061676025
21.756169319152832,21.756169319152832,-124.67287824780215,-103.32474225014448,9.014366149902344,-5.463832378387451
21.857898473739624,21.857898473739624,-125.19906749913935,-102.42732971534133,9.047955513000488,-4.757800102233887
21.959625482559204,21.959625482559204,-125.50875392893795,-101.82969171088189,9.014122009277344,-4.273840427398682
22.060356378555298,22.060356378555298,-125.78632454702165,-101.23455893527716,8.962414741516113,-3.8031914234161377
22.161598205566406,22.161598205566406,-126.14539643819444,-100.3466808218509,8.75526237487793,-3.0720787048339844
22.263328075408936,22.263328075408936,-126.3464280461194,-99.76346526760608,8.648855209350586,-2.636988878250122
22.364410161972046,22.364410161972046,-126.51849204278551,-99.18736562132835,8.52379035949707,-2.217298746109009
22.46613907814026,22.46613907814026,-126.72382413456216,-98.34230118151754,8.409881591796875,-1.6569284200668335
22.56786561012268,22.56786561012268,-126.82802759925835,-97.78910416737199,8.251309394836426,-1.2735787630081177
22.669596195220947,22.669596195220947,-126.90685740020126,-97.24660768173635,8.080304145812988,-0.9070734977722168
22.770832777023315,22.770832777023315,-126.96145206317306,-96.71568159386516,7.8979363441467285,-0.5576945543289185
22.87271547317505,22.87271547317505,-127.00074140005745,-95.93935897015035,7.493802547454834,-0.039103131741285324
22.97397017478943,22.97397017478943,-126.99980237300042,-95.44039204716682,7.2855353355407715,0.26279592514038086
23.07523250579834,23.07523250579834,-126.97874903620686,-94.95525379572064,7.085814476013184,0.46477171778678894
23.176936626434326,23.176936626434326,-126.95320027635898,-94.48200905695558,6.921890735626221,0.393258661031723
23.278666973114014,23.278666973114014,-126.92899193335325,-93.79436642490327,6.846339702606201,0.3235097825527191
23.380393981933594,23.380393981933594,-126.91423299734015,-93.34478049818426,6.736549377441406,0.31521448493003845
23.481122255325317,23.481122255325317,-126.89954365300946,-92.90182152949274,6.6426897048950195,0.3034421503543854
23.583849668502808,23.583849668502808,-126.8775446859654,-92.24712581001222,6.399342060089111,0.30806806683540344
23.685575246810913,23.685575246810913,-126.86304963205475,-91.8176414705813,6.243575096130371,0.28766509890556335
23.787306547164917,23.787306547164917,-126.84885088203009,-91.39814602956176,6.316391944885254,0.3104713261127472
23.88903260231018,23.88903260231018,-126.83372613159008,-90.97947438713163,6.199918746948242,0.29191216826438904
23.99076199531555,23.99076199531555,-126.81329063442536,-90.35601553693414,6.054603576660156,0.26116743683815
24.092500686645508,24.092500686645508,-126.80014045163989,-89.94635516498238,6.1753668785095215,0.25214165449142456
24.194228887557983,24.194228887557983,-126.78071500919759,-89.32718209642917,6.192529201507568,0.26822629570961
24.295955181121826,24.295955181121826,-126.76659646758344,-88.91247183736414,6.235676288604736,0.288516640663147
24.39652681350708,24.39652681350708,-126.75283965584822,-88.49854173325002,6.352278709411621,0.279602974653244
24.496621131896973,24.496621131896973,-126.731957571581,-87.86363269481808,6.6531877517700195,0.29687434434890747
24.597896814346313,24.597896814346313,-126.71701558679342,-87.42163241375238,6.933693885803223,0.30919578671455383
24.699625968933105,24.699625968933105,-126.70137849159073,-86.9611707245931,7.184577941894531,0.32369428873062134
24.800387144088745,24.800387144088745,-126.67669645440765,-86.23300115112215,7.4505767822265625,0.33471450209617615
24.903079509735107,24.903079509735107,-126.65929664485157,-85.72829127684236,7.652375221252441,0.3468324542045593
25.004807949066162,25.004807949066162,-126.64161012368277,-85.20919059310108,7.9329705238342285,0.35635530948638916
25.105539083480835,25.105539083480835,-126.61402426543646,-84.40318904537708,8.406916618347168,0.38014742732048035
25.207268238067627,25.207268238067627,-126.59483463841025,-83.84332991205156,8.645075798034668,0.3910130560398102
25.308995008468628,25.308995008468628,-126.57520927663427,-83.26876553986222,8.8670654296875,0.40088951587677
25.41072392463684,25.41072392463684,-126.54458009253722,-82.37445831578225,9.066296577453613,0.4111090898513794
25.51145362854004,25.51145362854004,-126.52366953133605,-81.76263635233045,9.290725708007812,0.4186401665210724
25.613182544708252,25.613182544708252,-126.4914385866141,-80.82125616818666,9.738348007202148,0.44038766622543335
25.71429467201233,25.71429467201233,-126.46924353390932,-80.17343930341303,9.94830322265625,0.4497259557247162
25.816025495529175,25.816025495529175,-126.43494417704642,-79.17216881271452,10.135604858398438,0.4582729935646057
25.917749643325806,25.917749643325806,-126.41155067435466,-78.48988132737577,10.340081214904785,0.4681091606616974
26.01889944076538,26.01889944076538,-126.38768913876265,-77.79409880377352,10.542957305908203,0.4772252142429352
26.1206271648407,26.1206271648407,-126.35112614440732,-76.72860333509743,10.953535079956055,0.4961331784725189
26.22235679626465,26.22235679626465,-126.32076809601858,-75.62735817953944,11.129612922668457,0.2757566571235657
26.32408905029297,26.32408905029297,-126.3198191045085,-74.88019292522222,11.31561279296875,0.08361773937940598
26.42581272125244,26.42581272125244,-126.32405855692923,-74.12060896586627,11.506186485290527,0.0971451848745346
26.527541399002075,26.527541399002075,-126.32947300293017,-72.96018267050385,11.88897705078125,0.04613709822297096
26.629267692565918,26.629267692565918,-126.3385918494314,-71.76590194460005,12.07639217376709,0.023508476093411446
26.730997562408447,26.730997562408447,-126.34930837422144,-70.54892802704126,12.445257186889648,0.018335197120904922
26.83272624015808,26.83272624015808,-126.35687458934262,-69.72041415516287,12.62784194946289,0.018340125679969788
26.934452533721924,26.934452533721924,-126.36856509803329,-68.45242243632674,12.819011688232422,0.020002031698822975
27.036180019378662,27.036180019378662,-126.37649216293357,-67.59357342869043,13.001591682434082,0.02152404747903347
27.137214422225952,27.137214422225952,-126.38853527617175,-66.28485541604459,13.204320907592773,0.023549500852823257
27.23894166946411,27.23894166946411,-126.4005977648776,-64.96854414325207,13.167430877685547,0.024645935744047165
27.340671062469482,27.340671062469482,-126.40860350744333,-64.09244706202298,13.214214324951172,0.02524949051439762
27.44241452217102,27.44241452217102,-126.42074678465724,-62.76069488655776,13.581771850585938,0.02658196911215782
27.54369282722473,27.54369282722473,-126.42897951230407,-61.855512286536396,13.774520874023438,0.027334680780768394
27.644872665405273,27.644872665405273,-126.44152992055751,-60.47204097174108,13.99360466003418,0.028286203742027283
27.746848821640015,27.746848821640015,-126.4542570601916,-59.064360541291535,14.324281692504883,0.029406839981675148
27.848090887069702,27.848090887069702,-126.46721529390197,-57.62656943220645,14.53492546081543,0.030274588614702225
27.94932794570923,27.94932794570923,-126.47596996265929,-56.65458048414439,14.70790958404541,0.03110562451183796
28.051056146621704,28.051056146621704,-126.48920859955251,-55.17674574628472,15.00457763671875,0.032039180397987366
28.15278387069702,28.15278387069702,-126.50266649178229,-53.67150511872023,15.20943546295166,0.03291831165552139
28.25351357460022,28.25351357460022,-126.51161081786267,-52.66664218343794,15.370455741882324,0.03335049748420715
28.356245517730713,28.356245517730713,-126.52532689552754,-51.12346021924168,15.637786865234375,0.03419456258416176
28.45796823501587,28.45796823501587,-126.53919877239969,-49.56070839986205,15.842479705810547,0.03512364625930786
28.559693813323975,28.559693813323975,-126.55326974974014,-47.97084586229175,16.09528923034668,0.03613506630063057
28.660425901412964,28.660425901412964,-126.56751089124009,-46.35692472849041,16.30015754699707,0.0370207354426384
28.76215887069702,28.76215887069702,-126.57708948198706,-45.268951867707074,16.44999885559082,0.03763410449028015
28.863880395889282,28.863880395889282,-126.59158093843143,-43.61889645643532,16.685890197753906,0.03858036547899246
28.965720653533936,28.965720653533936,-126.60623225546442,-41.94603923149407,16.892677307128906,0.03946965932846069
29.06744909286499,29.06744909286499,-126.62102595507167,-40.25207129213959,17.118541717529297,0.040409501641988754
29.169177055358887,29.169177055358887,-126.63597288716119,-38.53601389750838,17.326631546020508,0.041320621967315674
29.270905256271362,29.270905256271362,-126.65106003254186,-36.798926854506135,17.544815063476562,0.04226590692996979
29.3736310005188,29.3736310005188,-126.66629169578664,-35.0403236746788,17.75188446044922,0.04319339618086815
29.475359201431274,29.475359201431274,-126.68154352437705,-33.27426915243268,17.96436882019043,0.04414821043610573
29.577088594436646,29.577088594436646,-126.69703983119689,-31.47491553146392,18.172569274902344,0.04510492831468582
29.678813457489014,29.678813457489014,-126.71267894469202,-29.65364319924265,18.381553649902344,0.0460757352411747
29.780542612075806,29.780542612075806,-126.72829584998544,-27.829871316440403,18.58644676208496,0.047043848782777786
29.8812735080719,29.8812735080719,-126.74419668503106,-25.967359071597457,18.792930603027344,0.04803347587585449
29.983002424240112,29.983002424240112,-126.76022406679112,-24.084607653319836,18.995967864990234,0.04902145639061928
30.08472990989685,30.08472990989685,-126.77620246261358,-22.202197422273457,19.20054817199707,0.05003151297569275
30.186458349227905,30.186458349227905,-126.79248377447948,-20.27846664749086,19.40425682067871,0.05105220153927803
30.287660360336304,30.287660360336304,-126.80880156846251,-18.34471590165049,19.591032028198242,0.05203850567340851
30.3889262676239,30.3889262676239,-126.83007912838366,-15.814541602507234,19.635478973388672,0.05274626612663269
30.490318536758423,30.490318536758423,-126.84618709119968,-13.893985867500305,19.601125717163086,0.052926987409591675
30.5920467376709,30.5920467376709,-126.86221850523725,-11.980449328199029,19.06879997253418,0.05156903713941574
30.693774938583374,30.693774938583374,-126.87774584325962,-10.128784435801208,18.3404483795166,0.04919145628809929
30.794996738433838,30.794996738433838,-126.8922541619977,-8.4062146442011,17.596744537353516,0.04628238454461098
30.896232843399048,30.896232843399048,-126.90652330883313,-6.72427683416754,16.852014541625977,0.04314563050866127
30.997961282730103,30.997961282730103,-126.92067993606906,-5.069812702015042,16.115739822387695,0.04002605378627777
31.099689483642578,31.099689483642578,-126.93381241918541,-3.548835494555533,15.3460054397583,0.06582355499267578
31.201419591903687,31.201419591903687,-126.93797666742466,-2.5470443330705166,14.83831787109375,0.18979798257350922
31.30314564704895,31.30314564704895,-126.91658665263094,-1.089164562523365,14.60222339630127,0.670592725276947
31.40487265586853,31.40487265586853,-126.83172954397742,0.36650401819497347,14.50927448272705,1.3606079816818237
31.506599187850952,31.506599187850952,-126.67179558903445,1.8107952270656824,14.329599380493164,2.163783311843872
31.608327388763428,31.608327388763428,-126.42834433272947,3.234716976992786,14.105331420898438,3.0466630458831787
31.710057020187378,31.710057020187378,-126.21687347220723,4.17002850305289,13.905879974365234,3.6504759788513184
31.811302185058594,31.811302185058594,-125.8245070995763,5.546742632985115,13.54013729095459,4.555339336395264
31.913027048110962,31.913027048110962,-125.36656570842024,6.826946409419179,13.142810821533203,5.411585807800293
32.014362812042236,32.014362812042236,-124.81975228595547,8.084804167039692,12.67297077178955,6.246177673339844
32.11609148979187,32.11609148979187,-124.39686991705094,8.923284120857716,12.322474479675293,6.800998210906982
32.21682167053223,32.21682167053223,-123.69440485991072,10.136365259997547,11.75655460357666,7.599271297454834
32.317553997039795,32.317553997039795,-122.9137878199108,11.291703159920871,11.13714599609375,8.345386505126953
32.4193902015686,32.4193902015686,-122.06391728471499,12.381477707065642,10.329489707946777,8.84614086151123
32.5212185382843,32.5212185382843,-121.52417442586739,13.005226564593613,9.791410446166992,9.085856437683105
32.622833490371704,32.622833490371704,-120.64229985512793,13.923149016685784,8.905202865600586,9.389145851135254
32.72407412528992,32.72407412528992,-119.70093965402339,14.78614150825888,8.032334327697754,9.6016263961792
32.82530927658081,32.82530927658081,-119.12966231501196,15.261557064950466,7.526595115661621,9.680891036987305
32.926549196243286,32.926549196243286,-118.1630636685295,15.992884324863553,6.73423433303833,9.743924140930176
33.0282769203186,33.0282769203186,-117.19157659506891,16.64422132167965,5.9867844581604,9.787154197692871
33.13000679016113,33.13000679016113,-116.59902512549888,17.00469086226076,5.521380424499512,9.767837524414062
33.231733083724976,33.231733083724976,-115.6280525769107,17.534623526968062,4.770740032196045,9.650235176086426
33.33346223831177,33.33346223831177,-114.6659495269414,17.991790423169732,4.071235179901123,9.620683670043945
33.435187339782715,33.435187339782715,-114.02889325469732,18.256504263728857,3.591815948486328,9.539244651794434
33.536916971206665,33.536916971206665,-113.0818230486475,18.59438514057547,2.873931884765625,9.317185401916504
33.63864469528198,33.63864469528198,-112.46005105145741,18.78030562028289,2.421013355255127,9.196966171264648
33.74037194252014,33.74037194252014,-111.56329153873958,18.998943738639355,1.7927782535552979,9.090729713439941
33.84210157394409,33.84210157394409,-110.65538503730204,19.169563498347998,1.1834027767181396,8.829893112182617
33.94382691383362,33.94382691383362,-109.77912003360689,19.290764106437564,0.6046181917190552,8.610868453979492
34.04560208320618,34.04560208320618,-109.20794884907082,19.33153587579727,0.32144489884376526,8.435094833374023
34.14733099937439,34.14733099937439,-108.37556756241247,19.350603594444692,-0.12675614655017853,8.035953521728516
34.249058961868286,34.249058961868286,-107.62696840625722,19.314898444339633,-0.3362933397293091,7.79672384262085
34.35085082054138,34.35085082054138,-106.8839972668793,19.259125982411206,-0.7680152058601379,7.5435943603515625
34.45209240913391,34.45209240913391,-106.38953128363937,19.19988143350929,-1.0880721807479858,7.215409278869629
34.55381941795349,34.55381941795349,-105.45288897748105,19.02764776069671,-1.4010862112045288,6.812894344329834
34.65554761886597,34.65554761886597,-104.99918494943995,18.94116377737373,-1.296673059463501,6.62150239944458
34.75727415084839,34.75727415084839,-104.33981681230944,18.823632596060634,-1.2858093976974487,6.457978248596191
34.85900139808655,34.85900139808655,-103.70053240493871,18.709033271297812,-1.1957900524139404,6.1954240798950195
34.960728883743286,34.960728883743286,-103.13941838161554,18.608224195428193,-1.1923773288726807,6.184866428375244
35.062458515167236,35.062458515167236,-102.53643063281197,18.502240397036076,-1.1125675439834595,6.0325775146484375
35.16418695449829,35.16418695449829,-101.94340897339862,18.398813740350306,-1.149936556816101,5.930990695953369
35.264915466308594,35.264915466308594,-101.55477604910266,18.328912967815995,-1.1145660877227783,5.867995262145996
35.367154121398926,35.367154121398926,-100.96510514244437,18.22574166022241,-1.0331275463104248,5.805225849151611
35.46839904785156,35.46839904785156,-100.40356168197468,18.145150947384536,-0.7300238013267517,5.847511291503906
35.56961989402771,35.56961989402771,-99.80961269245017,18.101400674320757,-0.29812848567962646,5.8642778396606445
35.671347856521606,35.671347856521606,-99.21682949131355,18.100962733849883,0.07030526548624039,5.974660396575928
35.77307868003845,35.77307868003845,-98.60252110019792,18.13434799388051,0.1720459759235382,6.334522724151611
35.87480545043945,35.87480545043945,-98.17000691895373,18.146104387007654,0.035450078547000885,6.61453104019165
35.97653293609619,35.97653293609619,-97.3555972930044,18.155250046402216,0.01010003313422203,7.201450824737549
36.077603578567505,36.077603578567505,-96.8742110504536,18.159963527694345,0.0007276873220689595,7.480605125427246
36.17883777618408,36.17883777618408,-96.11859721236397,18.167290897108614,-0.003909079357981682,7.746915817260742
36.28007650375366,36.28007650375366,-95.3289732048288,18.174677152186632,-0.015259185805916786,8.130678176879883
36.38131499290466,36.38131499290466,-94.56533981638495,18.182089277543128,-0.07404237240552902,8.496082305908203
36.48304200172424,36.48304200172424,-93.73314249434043,18.17045997083187,-0.4090476930141449,8.743440628051758
36.58476996421814,36.58476996421814,-93.19676869316027,18.14030149113387,-0.7903713583946228,8.897003173828125
36.686503171920776,36.686503171920776,-92.30882389936596,18.05748823750764,-0.8635509014129639,9.228995323181152
36.78822636604309,36.78822636604309,-91.37329848494846,17.979571427218616,-0.9305912852287292,9.553260803222656
36.88995385169983,36.88995385169983,-90.45754588977434,17.902090075425804,-0.9638822078704834,9.843989372253418
36.99068284034729,36.99068284034729,-89.49162442004308,17.819551864638925,-0.9991229772567749,10.157529830932617
37.091413497924805,37.091413497924805,-88.50498401606455,17.735348992981017,-1.0156505107879639,10.446470260620117
37.193143129348755,37.193143129348755,-87.48102220497094,17.648094785399735,-1.0444761514663696,10.746536254882812
37.29438781738281,37.29438781738281,-86.46373772376683,17.561791023239493,-1.0603917837142944,11.026424407958984
37.39627528190613,37.39627528190613,-85.42415767570492,17.47362703923136,-1.0919990539550781,11.298337936401367
37.497512102127075,37.497512102127075,-84.30630082427524,17.378843006677926,-1.1131633520126343,11.583632469177246
37.59824323654175,37.59824323654175,-83.13560229726136,17.279501816257834,-1.145238995552063,11.867541313171387
37.699973344802856,37.699973344802856,-82.00084444787353,17.183393430896103,-1.1639504432678223,12.132542610168457
37.801700592041016,37.801700592041016,-80.8810661007883,17.093204852193594,-1.0054792165756226,12.400538444519043
37.90342736244202,37.90342736244202,-79.73425890540238,17.02882320061326,-0.6047112345695496,12.642305374145508
38.004666328430176,38.004666328430176,-78.55178111430723,17.009409967809916,-0.22594958543777466,12.888059616088867
38.10639452934265,38.10639452934265,-77.35150239162613,17.009947599843144,-0.08968883007764816,13.035805702209473
38.20715832710266,38.20715832710266,-76.08767420065124,17.01979150529951,0.029711605980992317,13.029717445373535
38.30885457992554,38.30885457992554,-74.8005134887062,17.038002722896636,0.08226389437913895,13.197362899780273
38.410582065582275,38.410582065582275,-73.18565213901456,17.06492314580828,0.10105085372924805,13.55594253540039
38.51234197616577,38.51234197616577,-72.01264656358398,17.085530729964375,0.10235624760389328,13.813493728637695
38.61403703689575,38.61403703689575,-70.67630407365505,17.109375909902155,0.10421955585479736,14.068835258483887
38.71476984024048,38.71476984024048,-68.86832026811317,17.141768790781498,0.10313447564840317,14.407906532287598
38.81649589538574,38.81649589538574,-67.51766580971889,17.16592904459685,0.10121464729309082,14.645173072814941
38.91822695732117,38.91822695732117,-66.19971950782929,17.18945142906159,0.10200825333595276,14.8563871383667
39.01945734024048,39.01945734024048,-64.43912102642935,17.22081881482154,0.10308098793029785,15.143355369567871
39.121299505233765,39.121299505233765,-63.152640045736916,17.243746250867844,0.10397344082593918,15.345403671264648
39.223063230514526,39.223063230514526,-61.31114956596866,17.276547483168542,0.10524815320968628,15.636507987976074
39.324791431427,39.324791431427,-59.919478341704234,17.30129926558584,0.10625839978456497,15.838310241699219
39.426520109176636,39.426520109176636,-58.01960351318121,17.33503862377256,0.10751752555370331,16.103445053100586
39.527815103530884,39.527815103530884,-56.62512006692123,17.359767927788198,0.10845320671796799,16.301027297973633
39.62928771972656,39.62928771972656,-54.715793419396505,17.393580140545964,0.10968560725450516,16.55738639831543
39.73051834106445,39.73051834106445,-53.222206873469986,17.41999208368361,0.11060337722301483,16.74950408935547
39.83224534988403,39.83224534988403,-51.275308453594334,17.454373467713594,0.11177779734134674,16.997949600219727
39.93397235870361,39.93397235870361,-49.821249365922995,17.480016637593508,0.1126454547047615,17.18389892578125
40.0357027053833,40.0357027053833,-47.858770943945274,17.51457927748561,0.11359403282403946,17.39949607849121
40.1374294757843,40.1374294757843,-45.92483016196638,17.54859019909054,0.11323963105678558,17.40709114074707
40.23915696144104,40.23915696144104,-44.18103141093161,17.579227689653635,0.11275830864906311,17.36587905883789
40.34088444709778,40.34088444709778,-42.35911112441681,17.61122387368232,0.1118399128317833,17.232589721679688
40.44261193275452,40.44261193275452,-40.41909972089343,17.64529631845653,0.1106664314866066,17.03673553466797
40.54434084892273,40.54434084892273,-38.67856550891884,17.675881691277027,0.1093701422214508,16.802690505981445
40.6460702419281,40.6460702419281,-37.338739711325616,17.699443782679737,0.10836835950613022,16.6138916015625
40.74743342399597,40.74743342399597,-35.610869089490734,17.729861235246062,0.10694552958011627,16.339548110961914
40.84883117675781,40.84883117675781,-33.89590584626421,17.760090328752995,0.1054854542016983,16.05390739440918
40.95055937767029,40.95055937767029,-32.58420094579924,17.783241980709136,0.10431865602731705,15.825457572937012
41.05229449272156,41.05229449272156,-30.86682217125781,17.813594697974622,0.1027592122554779,15.521227836608887
41.15302300453186,41.15302300453186,-29.176442793104798,17.84351863898337,0.10223055630922318,15.373600959777832
41.254751205444336,41.254751205444336,-27.59975756634958,17.87146484851837,0.1023816391825676,15.361923217773438
41.35647988319397,41.35647988319397,-26.372111617703922,17.89323741570115,0.099901482462883,14.97030258178711
41.458205699920654,41.458205699920654,-24.678689417778514,17.92330098617822,0.09688625484704971,14.457507133483887
41.55993604660034,41.55993604660034,-23.118019895395264,17.951064734719694,0.09393896907567978,13.933408737182617
41.66166305541992,41.66166305541992,-21.99041277053766,17.971186190843582,0.09160147607326508,13.551661491394043
41.76339077949524,41.76339077949524,-20.59416540164966,17.99612739123404,0.05020948126912117,13.039521217346191
41.865119218826294,41.865119218826294,-19.474110558163375,18.006770649924874,-0.16911135613918304,12.639556884765625
41.966845750808716,41.966845750808716,-18.116319699562155,17.979940096847713,-0.6699345111846924,12.112088203430176
42.068575382232666,42.068575382232666,-16.698113893624395,17.878324326127768,-1.2660094499588013,11.548518180847168
42.170302867889404,42.170302867889404,-15.738366011879407,17.759172830730677,-1.743180513381958,11.115629196166992
42.271552085876465,42.271552085876465,-14.560899756033905,17.549869302660227,-2.3094513416290283,10.53571891784668
42.3732795715332,42.3732795715332,-13.458933667396195,17.282513883896172,-2.883175849914551,9.858475685119629
42.47500777244568,42.47500777244568,-12.349698864389211,16.935980588197708,-3.2499427795410156,9.331252098083496
42.57673621177673,42.57673621177673,-11.613238801597618,16.685131112113595,-3.2215991020202637,8.984746932983398
42.677465200424194,42.677465200424194,-10.671732917544432,16.35839369520545,-3.1865813732147217,8.594663619995117
42.7787082195282,42.7787082195282,-10.014153153053485,16.124839928932488,-3.1184768676757812,8.323126792907715
42.87994742393494,42.87994742393494,-9.16598976845853,15.821297380141914,-2.986920118331909,7.93992280960083
42.9801869392395,42.9801869392395,-8.337991635897197,15.510878113098443,-3.1048619747161865,7.5217509269714355
43.08142566680908,43.08142566680908,-7.723500350490212,15.248221668414772,-3.3377583026885986,7.07491397857666
43.1831533908844,43.1831533908844,-6.826653984957375,14.788844163529575,-3.6871743202209473,6.410170078277588
43.28439378738403,43.28439378738403,-6.204027799889445,14.411854877136648,-3.9146728515625,5.872892379760742
43.38612198829651,43.38612198829651,-5.616176852025092,14.002152908593416,-4.084935665130615,5.371593475341797
43.48784947395325,43.48784947395325,-5.062854518648237,13.558454594574869,-4.170706272125244,4.858265399932861
43.5895779132843,43.5895779132843,-4.582666462403722,13.118944362737238,-4.086566925048828,4.271054744720459
43.6913046836853,43.6913046836853,-4.147406788193621,12.668507263995707,-4.165578842163086,3.758720874786377
43.79303169250488,43.79303169250488,-3.7722284004557878,12.226082058623433,-4.177093029022217,3.2918624877929688
43.89476013183594,43.89476013183594,-3.5263988120714203,11.899842609651387,-4.135090351104736,3.059551954269409
43.99648880958557,43.99648880958557,-3.242648017592728,11.470343160443008,-4.067690849304199,2.873061180114746
44.0982186794281,44.0982186794281,-2.9110071134055033,10.956519361585379,-3.9799864292144775,2.551173210144043
44.19994568824768,44.19994568824768,-2.645410851575434,10.56306500453502,-3.8257102966308594,2.541989803314209
44.3016722202301,44.3016722202301,-2.446294109453447,10.277850543148816,-3.8507659435272217,2.515176296234131
44.402403116226196,44.402403116226196,-2.1804835764924064,9.894414594396949,-3.9249355792999268,2.5587539672851562
44.50512886047363,44.50512886047363,-1.8472041980130598,9.412021822296083,-4.063634395599365,2.666485548019409
44.60685849189758,44.60685849189758,-1.5578585512703285,8.99248096998781,-4.244653701782227,2.7516603469848633
44.70858836174011,44.70858836174011,-1.2871775311650708,8.577439274638891,-4.5087409019470215,2.6326193809509277
44.80982732772827,44.80982732772827,-1.028001376078464,8.12164912931621,-4.935125827789307,2.2080790996551514
44.911067962646484,44.911067962646484,-0.8135970601579174,7.636621329933405,-5.278539180755615,2.1523826122283936
45.012306213378906,45.012306213378906,-0.609130053431727,7.105704580433667,-5.622061729431152,1.9915179014205933
45.1140341758728,45.1140341758728,-0.46514577348716557,6.674550471827388,-5.78865385055542,1.784300684928894
45.215763568878174,45.215763568878174,-0.2640327763510868,5.936809035018086,-6.221540927886963,1.475670576095581
45.317493200302124,45.317493200302124,-0.1114893238991499,5.314279600046575,-6.535103797912598,1.6882970333099365
45.419220209121704,45.419220209121704,0.06979978864546865,4.662537018768489,-6.486590385437012,1.7201555967330933
45.52094626426697,45.52094626426697,0.29539767163805664,3.860668782144785,-6.507786273956299,1.7382001876831055
45.62267446517944,45.62267446517944,0.48428837617393583,3.189853036776185,-6.885152816772461,1.846151351928711
45.7244017124176,45.7244017124176,0.6802634280174971,2.4942155005410314,-7.2580437660217285,1.9502140283584595
45.826130390167236,45.826130390167236,0.8846695066895336,1.7529049813747406,-7.647333145141602,1.8858171701431274
45.927369117736816,45.927369117736816,1.0616023588227108,0.9868282629176974,-8.047537803649902,1.5317118167877197
46.029096841812134,46.029096841812134,1.196304915472865,0.14359125588089228,-8.454517364501953,1.029783010482788
46.13080644607544,46.13080644607544,1.261821142048575,-0.4992335857823491,-8.811792373657227,0.6430088877677917
46.23253417015076,46.23253417015076,1.3216443703277037,-1.419837943278253,-9.172301292419434,0.5623883605003357
46.332871437072754,46.332871437072754,1.391233091475442,-2.3838574877008796,-9.515856742858887,0.5405887365341187
46.433889627456665,46.433889627456665,1.461741752922535,-3.3962643668055534,-9.86959171295166,0.5432761311531067
46.535614013671875,46.535614013671875,1.5356698088580742,-4.4781286753714085,-10.200783729553223,0.5642702579498291
46.63734197616577,46.63734197616577,1.5894996657734737,-5.268996544182301,-10.387441635131836,0.5789892673492432
46.73906946182251,46.73906946182251,1.665437166695483,-6.384328628890216,-10.710187911987305,0.6021040678024292
46.840797901153564,46.840797901153564,1.7443356736330315,-7.5424476051703095,-10.997163772583008,0.621911883354187
46.94252681732178,46.94252681732178,1.824542349204421,-8.71899274457246,-10.985105514526367,0.6234015226364136
47.044254541397095,47.044254541397095,1.9042699802666903,-9.88796420302242,-10.875990867614746,0.6184439063072205
47.145981788635254,47.145981788635254,1.98093640524894,-11.011400068178773,-10.182954788208008,0.5797170996665955
47.24671125411987,47.24671125411987,2.0504350386327133,-12.02912806160748,-9.345160484313965,0.5327133536338806
47.348440170288086,47.348440170288086,2.1155495441053063,-12.981563719920814,-8.477815628051758,0.4839138686656952
47.4501690864563,47.4501690864563,2.171253841370344,-13.795819663442671,-7.6442461013793945,0.43686527013778687
47.55089831352234,47.55089831352234,2.2234351289225742,-14.55747295357287,-6.77599573135376,0.38771215081214905
47.653623819351196,47.653623819351196,2.257674870779738,-15.057057824917138,-6.173205375671387,0.35347628593444824
47.75489354133606,47.75489354133606,2.2984779876424,-15.651853250339627,-5.245264053344727,0.30062946677207947
47.856621503829956,47.856621503829956,2.3338690898381174,-16.167249435558915,-4.944507122039795,0.28363072872161865
47.95786714553833,47.95786714553833,2.3797483548987657,-16.835256041958928,-4.9373931884765625,0.28324344754219055
48.059123277664185,48.059123277664185,2.4137512835441157,-17.3302503824234,-4.93118953704834,0.2828875184059143
48.16094255447388,48.16094255447388,2.447548025753349,-17.822368325665593,-4.923996925354004,0.2824721038341522
48.262197494506836,48.262197494506836,2.4724761290708557,-18.18532757461071,-4.919172286987305,0.2821931838989258
48.36409783363342,48.36409783363342,2.5071891598636284,-18.690919417887926,-4.9127631187438965,0.28182345628738403
48.46534252166748,48.46534252166748,2.5397512452909723,-19.16495355963707,-4.906458854675293,0.2814602553844452
48.567070722579956,48.567070722579956,2.574491365812719,-19.670892630703747,-4.899792194366455,0.28107723593711853
48.668797969818115,48.668797969818115,2.619357211049646,-20.324001545086503,-4.891487121582031,0.28060033917427063
48.77052617073059,48.77052617073059,2.6522143906913698,-20.80264294333756,-4.807515621185303,0.2757886052131653
48.872255086898804,48.872255086898804,2.676687943516299,-21.159189555794,-4.686441421508789,0.2688623368740082

